name,slug,address,city,state,zip,phone,hours,rating,reviews,website,services,featured,,,,,
Azteca Towing LLC,201 Princeton Pkwy,Birmingham,AL,35211,1 205-785-4691,,4.8,,,,,,"[""6AM-10PM""]",,,33.5028334,-86.8472065
Weil Wrecker Blount County,4 Truckers Ln,Warrior,AL,35180,,https://www.campbells24hrtowing.com/,4.5,,,,,,"[""Open 24 hours""]",,,33.855076,-86.811477
Anytime Towing,17202 US-43,Russellville,AL,35654,1 256-460-9000,,4.6,,,,,,"[""Open 24 hours""]",,,34.538513,-87.7086828
Rocket Towing and Recovery,1317 Putman Dr NW,Huntsville,AL,35816,1 256-694-6700,http://rocket-tow.com/,4.9,,,,,,"[""Open 24 hours""]",,,34.7395934,-86.6295759
Weil Wrecker Service - Car Towing & Heavy Duty Semi Truck Recovery,3400 2nd Ave S,Birmingham,AL,35222,1 205-460-7540,https://weilwrecker.com/,4.4,,,,,,"[""Open 24 hours""]",,,33.5197659,-86.783519
Ideal Roadside LLC,515 N Maryland St,Montgomery,AL,36107,1 334-462-0071,https://www.idealroadsidelv.com/,4.4,,,,,,"[""Open 24 hours""]",,,32.3863083,-86.2782716
"Alabama Towing & Recovery, Inc",30 Plunkett Rd,Anniston,AL,36201,1 833-869-6333,https://www.facebook.com/alabamatowingandrecovery/,4.3,,,,,,"[""Open 24 hours""]",,,33.6393287,-85.8896747
Taylor's Towing & Wrecker/Tire & Auto Repair,18016 AL-21,Minter,AL,36761,1 334-412-8267,https://taylorstowingandwrecker.com/,4.9,,,,,,"[""Open 24 hours""]",,,32.0498264,-86.8106885
"Summit Towing, LLC",50 Fred Reynolds St,Leesburg,AL,35983,1 256-300-5409,,4.1,,,,,,"[""Open 24 hours""]",,,34.1763381,-85.7561187
C & A 24/7 Towing & Recovery,207 Bradley St,Abbeville,AL,36310,1 334-585-5434,,4.7,,,,,,"[""Open 24 hours""]",,,31.5700594,-85.2480308
South Calera Towing,1090 14th St,Calera,AL,35040,1 205-668-0298,https://southcaleratowing.com/,5,,,,,,"[""Open 24 hours""]",,,33.104639,-86.7559424
"Jacobs Towing, LLC",636 Howe St,Montgomery,AL,36104,1 334-265-2869,,3.6,,,,,,"[""Open 24 hours""]",,,32.3902768,-86.2992644
Jeff's Towing Inc,75 Skyland E Blvd,Tuscaloosa,AL,35405,1 205-361-3997,,4.9,,,,,,"[""Open 24 hours""]",,,33.1661873,-87.5366106
B&C Towing And Recovery LLC,1361 Spring Creek Rd,Montevallo,AL,35115,1 205-281-7132,https://bnctowing.com/,5,,,,,,"[""Open 24 hours""]",,,33.1037781,-86.8418381
Hometown Towing & Recovery LLC,54 Norman Dr,Woodstock,AL,35188,1 659-400-7093,,4.8,,,,,,"[""Open 24 hours""]",,,33.1963536,-87.1536344
"American Towing, LLC",1749 Ohio Ferro Rd,Montgomery,AL,36117,1 334-279-8850,https://americantowingal.com/%3Futm_source%3Domg-gbp%26utm_medium%3Dwebclick,4.3,,,,,,"[""Open 24 hours""]",,,32.3903778,-86.0759726
Smith's Towing LLC,156 10th St W,Alexander City,AL,35010,1 256-392-5553,http://smithstowingal.com/,4.9,,,,,,"[""Open 24 hours""]",,,32.9457893,-85.9712524
Dwaynes Towing and Recovery,5200 Jug Factory Rd,Tuscaloosa,AL,35405,1 205-759-5002,https://dwaynestowingandrecovery.com/%3Futm_source%3Domg-gbp%26utm_medium%3Dwebclick,3.5,,,,,,"[""Open 24 hours""]",,,33.1602377,-87.520551
Pitts & Sons Towing and Recovery,1850 Shelton Beach Rd,Saraland,AL,36571,1 251-675-2383,https://www.pittstowing.com/,4.7,,,,,,"[""Open 24 hours""]",,,30.7979054,-88.1069899
No Limits Towing & Roadside Services,11 School Rd,Shelby,AL,35143,1 205-917-0939,https://www.nolimitstowingal.com/,4.6,,,,,,"[""Open 24 hours""]",,,33.107268,-86.592674
"Midnight Sun Towing - Anchorage, Palmer, Wasilla, Eagle River",6240 Nielsen Way Storage Yard,Anchorage,AK,99518,1 907-646-0437,https://midnightsuntowing.com/,4.7,558,"[""Open 24 hours""]","[""Open 24 hours""]","[""Open 24 hours""]","[""Open 24 hours""]","[""Open 24 hours""]","[""Open 24 hours""]","[""Open 24 hours""]",61.1638293,-149.8924934
Eagle Towing,1801 Lore Rd,Anchorage,AK,99507,1 907-351-0827,https://eagletowingak.com/,5,759,"[""Open 24 hours""]","[""Open 24 hours""]","[""Open 24 hours""]","[""Open 24 hours""]","[""Open 24 hours""]","[""Open 24 hours""]","[""Open 24 hours""]",61.1519887,-149.8488822
"1st Class Towing & Recovery - Anchorage, JBER, Wasilla, Eagle River, Girdwood, Seward, Homer.",,Anchorage,AK,99501,1 907-229-3380,,4.9,197,"[""8AM-10PM""]","[""8AM-10PM""]","[""8AM-10PM""]","[""8AM-10PM""]","[""8AM-10PM""]","[""8AM-10PM""]","[""Closed""]",61.1870057,-149.8968902
24/7 Alaska Towing,2771 19th Ave,Fairbanks,AK,99709,1 907-888-2888,http://www.247alaskatowing.com/,2.6,128,"[""Open 24 hours""]","[""Open 24 hours""]","[""Open 24 hours""]","[""Open 24 hours""]","[""Open 24 hours""]","[""Open 24 hours""]","[""Open 24 hours""]",64.8309095,-147.7866158
Elite Towing & Recovery,1625 Edlund Rd,Wasilla,AK,99654,1 907-715-0064,https://elitetowingak.com/%3Fy_source%3D1_MTIzNTQ4MTAtNzE1LWxvY2F0aW9uLndlYnNpdGU%253D,4.8,236,"[""Open 24 hours""]","[""Open 24 hours""]","[""Open 24 hours""]","[""Open 24 hours""]","[""Open 24 hours""]","[""Open 24 hours""]","[""Open 24 hours""]",61.5556893,-149.4877727
Vulcan Towing & Recovery,2134 E 88th Ave,Anchorage,AK,99507,1 907-349-8697,http://www.vulcantows.com/,4,443,"[""Open 24 hours""]","[""Open 24 hours""]","[""Open 24 hours""]","[""Open 24 hours""]","[""Open 24 hours""]","[""Open 24 hours""]","[""Open 24 hours""]",61.1408891,-149.8435684
24/7 Towing,322 Concrete St,Anchorage,AK,99501,1 907-444-5555,https://midnightsuntowing.com/,2.9,146,"[""Open 24 hours""]","[""Open 24 hours""]","[""Open 24 hours""]","[""Open 24 hours""]","[""Open 24 hours""]","[""Open 24 hours""]","[""Open 24 hours""]",61.2189626,-149.8501668
Alaska Towing & Wrecking,401 W Chipperfield Dr,Anchorage,AK,99501,1 907-272-2438,,5,8,"[""Open 24 hours""]","[""Open 24 hours""]","[""Open 24 hours""]","[""Open 24 hours""]","[""Open 24 hours""]","[""Open 24 hours""]","[""Open 24 hours""]",61.2194012,-149.8311528
Ron's Service & Towing,101 Noble St,Fairbanks,AK,99701,1 907-456-4224,https://ronstowingalaska.com/,4.5,163,"[""Open 24 hours""]","[""Open 24 hours""]","[""Open 24 hours""]","[""Open 24 hours""]","[""Open 24 hours""]","[""Open 24 hours""]","[""Open 24 hours""]",64.8445082,-147.7154541
South Central Towing,1700 E 82nd Ave,Anchorage,AK,99507,1 907-802-1818,,4.8,40,"[""Open 24 hours""]","[""Open 24 hours""]","[""Open 24 hours""]","[""Open 24 hours""]","[""Open 24 hours""]","[""Open 24 hours""]","[""Closed""]",61.1467337,-149.8506081
A.C.E Towing,4380 freight dock road,Homer,AK,99603,1 907-399-7545,https://www.acetowingak.com/,5,145,"[""Open 24 hours""]","[""Open 24 hours""]","[""Open 24 hours""]","[""Open 24 hours""]","[""Open 24 hours""]","[""Open 24 hours""]","[""Open 24 hours""]",59.6225513,-151.4923359
Excel Towing & Recovery Corp,10004 Crazy Horse Dr,Juneau,AK,99801,1 907-723-0493,https://www.exceltowingak.com/,4.8,35,"[""Open 24 hours""]","[""Open 24 hours""]","[""Open 24 hours""]","[""Open 24 hours""]","[""Open 24 hours""]","[""Open 24 hours""]","[""Open 24 hours""]",58.3662676,-134.6057757
Glenn Hwy Towing/Recovery in Wasilla and Palmer AK.,2785 S Old Glenn Hwy,Palmer,AK,99645,1 907-745-5656,https://glennhwytowing.com/,4.9,27,"[""Open 24 hours""]","[""Open 24 hours""]","[""Open 24 hours""]","[""Open 24 hours""]","[""Open 24 hours""]","[""Open 24 hours""]","[""Open 24 hours""]",61.5522767,-149.0356938
Big Lake Towing,11273 Valois Dr,Wasilla,AK,99654,1 907-232-3471,http://biglaketowing.net/,4.6,36,"[""Open 24 hours""]","[""Open 24 hours""]","[""Open 24 hours""]","[""Open 24 hours""]","[""Open 24 hours""]","[""Open 24 hours""]","[""Open 24 hours""]",61.561342,-149.733956
Patriot Towing and Recovery,2090 E Palmer-Wasilla Hwy Suite B,Wasilla,AK,99654,1 907-232-6670,https://ptralaska.com/%3Futm_source%3Domg-gbp%26utm_medium%3Dwebclick,5,389,"[""Open 24 hours""]","[""Open 24 hours""]","[""Open 24 hours""]","[""Open 24 hours""]","[""Open 24 hours""]","[""Open 24 hours""]","[""Open 24 hours""]",61.5812294,-149.3966854
S & S Towing & Recovery,1199 Old Richardson Hwy,North Pole,AK,99705,1 907-378-1635,https://www.sstowingrecovery.net/,4.2,122,"[""Open 24 hours""]","[""Open 24 hours""]","[""Open 24 hours""]","[""Open 24 hours""]","[""Open 24 hours""]","[""Open 24 hours""]","[""Open 24 hours""]",64.8098385,-147.5680863
HelpLine Towing,450 Adele Cir,Wasilla,AK,99654,1 907-232-3655,http://helplinetowing.com/,4.6,36,"[""Open 24 hours""]","[""Open 24 hours""]","[""Open 24 hours""]","[""Open 24 hours""]","[""Open 24 hours""]","[""Open 24 hours""]","[""Open 24 hours""]",61.5800857,-149.393631
Zack's Towing,134.1 Denali Hwy,Cantwell,AK,99729,1 907-414-6428,http://zackstowing.net/,4.9,85,"[""Open 24 hours""]","[""Open 24 hours""]","[""Open 24 hours""]","[""Open 24 hours""]","[""Open 24 hours""]","[""Open 24 hours""]","[""Open 24 hours""]",63.3886517,-148.889843
Flattop Towing LLC,2726 Markle Lp,Anchorage,AK,99507,1 907-476-8000,https://flattoptowing.com/,4.8,23,"[""7AM-10PM""]","[""7AM-10PM""]","[""7AM-10PM""]","[""7AM-10PM""]","[""7AM-10PM""]","[""7AM-10PM""]","[""7AM-10PM""]",61.1349199,-149.8306235
Matanuska Towing & Recovery - Palmer,1433 S Industrial Way,Palmer,AK,99645,1 907-745-5252,http://www.matanuskatowing.com/,4.7,36,"[""9AM-4:30PM""]","[""9AM-4:30PM""]","[""9AM-4:30PM""]","[""9AM-4:30PM""]","[""9AM-4:30PM""]","[""Closed""]","[""Closed""]",61.5908528,-149.1175834
Arizona Towing LLC,,,,,1 602-616-7112,https://arizonatowingllc.com/,5,152,"[""9AM-8PM""]","[""9AM-6PM""]","[""9AM-6PM""]","[""9AM-8PM""]","[""9AM-8PM""]","[""9AM-8PM""]","[""9AM-8PM""]",33.485838,-112.191608
"Arizona Towing & Recovery Services, LLC",22111 N White Rd,Maricopa,AZ,85139,1 602-446-8165,https://www.arizonatowingandrecoveryllcaz.com/,5,35,"[""Open 24 hours""]","[""Open 24 hours""]","[""Open 24 hours""]","[""Open 24 hours""]","[""Open 24 hours""]","[""Open 24 hours""]","[""Open 24 hours""]",33.0798865,-112.1002744
Freeway Towing & Storage,2801 W Weldon Ave,Phoenix,AZ,85017,1 602-362-9621,https://phoenixtowtruck.com/24-hour-towing-services-in-north-phoenix-az/%3Futm_campaign%3Dgmb_north_phoenix,4.7,1046,"[""Open 24 hours""]","[""Open 24 hours""]","[""Open 24 hours""]","[""Open 24 hours""]","[""Open 24 hours""]","[""Open 24 hours""]","[""Open 24 hours""]",33.4907951,-112.1192016
Professional Towing & Recovery,1155 E Curry Rd,Tempe,AZ,85288,1 480-797-9922,https://www.protowingaz.com/%3Futm_source%3Domg-gbp%26utm_medium%3Dwebclick,4.8,328,"[""Open 24 hours""]","[""Open 24 hours""]","[""Open 24 hours""]","[""Open 24 hours""]","[""Open 24 hours""]","[""Open 24 hours""]","[""Open 24 hours""]",33.4393959,-111.9204711
BD'AZ Heavy Duty Towing & Heavy Recovery,16080 W Poinsettia Dr,Surprise,AZ,85379,1 623-505-6644,https://www.bdaztowing.com/%3Futm_source%3Domg-gbp%26utm_medium%3Dwebclick,4.7,222,"[""Open 24 hours""]","[""Open 24 hours""]","[""Open 24 hours""]","[""Open 24 hours""]","[""Open 24 hours""]","[""Open 24 hours""]","[""Open 24 hours""]",33.5924032,-112.4053279
"Arizona Boyz Towing and Transport, LLC",,,,,1 480-649-2900,https://www.arizonaboyztowing.com/%3Futm_source%3Domg-gbp%26utm_medium%3Dwebclick,5,334,"[""Open 24 hours""]","[""Open 24 hours""]","[""Open 24 hours""]","[""Open 24 hours""]","[""Open 24 hours""]","[""Open 24 hours""]","[""Open 24 hours""]",33.36732,-112.080289
Gruas Sonic Towing Service LLC,7220 W Monte Vista Rd,Phoenix,AZ,85035,1 602-767-2418,http://gruasonictowing.com/,4.9,61,"[""6AM-10PM""]","[""6AM-10PM""]","[""6AM-10PM""]","[""6AM-10PM""]","[""6AM-10PM""]","[""6AM-10PM""]","[""6AM-10PM""]",33.4707152,-112.2151858
AZ Rescue Towing,4212 N 64th Dr,Phoenix,AZ,85033,1 623-889-4420,http://tow4-45.com/,4.8,84,"[""8AM-6PM""]","[""8AM-6PM""]","[""8AM-6PM""]","[""8AM-6PM""]","[""8AM-6PM""]","[""9AM-3PM""]","[""Closed""]",33.4976752,-112.1982103
Priority Towing Service,3242 S 36th St #2,Phoenix,AZ,85040,1 602-232-6006,https://prioritytow.com/,4.6,833,"[""Open 24 hours""]","[""Open 24 hours""]","[""Open 24 hours""]","[""Open 24 hours""]","[""Open 24 hours""]","[""Open 24 hours""]","[""Open 24 hours""]",33.4168927,-112.0043733
Westgate Towing,,,,,1 602-481-9346,,4.4,105,,,,,,,,33.4707605,-112.2969974
Hollywood Towing,16074 N 78th St #102,Scottsdale,AZ,85260,1 480-665-8155,https://www.hollywoodtowingaz.com/,5,709,"[""Open 24 hours""]","[""Open 24 hours""]","[""Open 24 hours""]","[""Open 24 hours""]","[""Open 24 hours""]","[""Open 24 hours""]","[""Open 24 hours""]",33.6317848,-111.913774
Quik Pik Towing,1966 E Deer Valley Dr,Phoenix,AZ,85024,1 602-993-4874,https://quikpiktowing.com/,4.5,2661,"[""Open 24 hours""]","[""Open 24 hours""]","[""Open 24 hours""]","[""Open 24 hours""]","[""Open 24 hours""]","[""Open 24 hours""]","[""Open 24 hours""]",33.6879206,-112.040816
Old Town Scottsdale Towing,6895 E Camelback Rd,Scottsdale,AZ,85251,1 480-645-6265,https://oldtowntowing.com/,4.8,155,"[""Open 24 hours""]","[""Open 24 hours""]","[""Open 24 hours""]","[""Open 24 hours""]","[""Open 24 hours""]","[""Open 24 hours""]","[""Closed""]",33.5011489,-111.934326
Delta Towing,,,,,1 602-451-4763,https://www.greenlighttowing.com/,4.6,20,"[""7AM-10PM""]","[""7AM-10PM""]","[""7AM-10PM""]","[""7AM-10PM""]","[""7AM-10PM""]","[""8AM-5PM""]","[""8AM-5PM""]",33.466465,-112.037355
E-Z Towing & Recovery,901 E Riley Dr,Avondale,AZ,85323,1 623-932-2525,https://eztowingaz.com/,4.4,90,"[""Open 24 hours""]","[""Open 24 hours""]","[""Open 24 hours""]","[""Open 24 hours""]","[""Open 24 hours""]","[""Open 24 hours""]","[""Open 24 hours""]",33.4385974,-112.3392129
Vigilant Towing & Impound,3523 W Salter Dr,Glendale,AZ,85308,1 623-440-7360,https://www.vigilantimpound.com/%3Futm_source%3Domg-gbp%26utm_medium%3Dwebclick,4.9,678,"[""Open 24 hours""]","[""Open 24 hours""]","[""Open 24 hours""]","[""Open 24 hours""]","[""Open 24 hours""]","[""Open 24 hours""]","[""Open 24 hours""]",33.6818611,-112.1364139
Valley Wide Towing,,,,,1 623-238-3428,https://www.azvalleywidetowing.com/,4.9,162,"[""Open 24 hours""]","[""Open 24 hours""]","[""Open 24 hours""]","[""Open 24 hours""]","[""Open 24 hours""]","[""Open 24 hours""]","[""Open 24 hours""]",33.6043256,-112.193537
Roadside Services Towing of NWA,709 Harris St,Springdale,AR,72764,1 479-777-4599,http://roadsideservicestowing.com/springdale-tow-truck/,4.7,,,,,,"[""Open 24 hours""]",,,36.1907108,-94.1365442
My City Towing and Recovery LLC,1515 E 46th St,North Little Rock,AR,72117,1 501-672-1993,http://www.towinginnorthlittlerockar.com/,4.8,,,,,,"[""Open 24 hours""]",,,34.7958105,-92.1869482
Central Arkansas Towing,1125 Jims Ln,Conway,AR,72032,1 501-329-7272,http://www.centralarkansastowing.com/,3.4,,,,,,"[""Open 24 hours""]",,,35.093293,-92.4109808
Roadside Services Towing of NWA,111E E Linden St,Rogers,AR,72756,1 479-234-4245,https://roadsideservicestowing.com/rogers,4.9,,,,,,"[""Open 24 hours""]",,,36.3135781,-94.1161677
Asher Wrecker & Recovery,5909 S University Ave,Little Rock,AR,72209,1 501-294-6142,https://www.asherwrecker.com/,3.9,,,,,,"[""Open 24 hours""]",,,34.6959154,-92.3455138
O'Dell Towing and Roadside,3645 Ferren Trail,Searcy,AR,72143,1 501-278-4400,http://www.odelltowing.com/,4.9,,,,,,"[""Open 24 hours""]",,,35.2524378,-91.6875587
365 Towing and Recovery,10604 MacArthur Dr,North Little Rock,AR,72118,1 501-902-4869,https://www.365towing-recovery.com/,4.7,,,,,,"[""Open 24 hours""]",,,34.8374827,-92.333709
"1st Response Towing & Rescue, LLC",2210 S School Ave,Fayetteville,AR,72701,1 479-200-2135,https://tow1st.com/%3Futm_source%3Domg-gbp%26utm_medium%3Dwebclick,4.8,,,,,,"[""Open 24 hours""]",,,36.0404976,-94.1655375
501 Towing & Roadside,600 S East St,Benton,AR,72015,1 501-451-2151,https://fiveoonetowing.com/,3.5,,,,,,"[""Open 24 hours""]",,,34.5581712,-92.585187
Broadway Towing & Recovery,1918 W Broadway St,Morrilton,AR,72110,1 501-208-1597,http://broadwaytowingrecovery.com/,4.9,,,,,,"[""Open 24 hours""]",,,35.1639411,-92.763542
NWA Towing & Recovery,1742 N College Ave,Fayetteville,AR,72703,1 479-966-4869,https://nwatow.com/%3Futm_source%3Domg-gbp%26utm_medium%3Dwebclick,3.7,,,,,,"[""8AM-4PM""]",,,36.0850493,-94.1550355
Complete Towing LLC,596 W Sycamore St,Fayetteville,AR,72703,1 479-587-0773,http://www.completetowingllc.net/contact.html,3.2,,,,,,"[""Open 24 hours""]",,,36.0849382,-94.1661252
Humble Towing,14914 Chicot Rd,Mabelvale,AR,72103,1 501-952-9650,,4.1,,,,,,"[""7AM-5PM""]",,,34.6126223,-92.3652757
Towed Recovery,9 Sue Ln,Conway,AR,72032,1 501-514-1495,,4.8,,,,,,"[""Open 24 hours""]",,,35.084583,-92.3207179
DD Towing & Recovery,4596 Highway 463 S,Jonesboro,AR,72404,1 870-935-0900,http://ddtowingandrecovery.com/,4.8,,,,,,"[""Open 24 hours""]",,,35.7727112,-90.598814
A-State Towing & Recovery,729 AR-247,Morrilton,AR,72110,1 501-697-6035,https://astatetowingandrecovery.com/,4.8,,,,,,"[""Open 24 hours""]",,,35.1800418,-92.7357141
Towmator Towing Service,2700 Shiloh Rd,Searcy,AR,72143,1 501-388-5082,,5,,,,,,"[""Open 24 hours""]",,,35.2279167,-91.7063114
East End Towing,14721 Ironton Rd,Little Rock,AR,72206,1 501-888-8849,https://eastendtowing.com/%3Futm_source%3Domg-gbp%26utm_medium%3Dwebclick,4.5,,,,,,"[""Open 24 hours""]",,,34.6199216,-92.2787787
Jacksonville Tow & Recovery,304 E Main St,Jacksonville,AR,72076,1 501-982-4128,https://www.jacksonvilletow.net/,4.4,,,,,,"[""Open 24 hours""]",,,34.864569,-92.108512
California Towing & Transport,445 Espinosa Rd,Salinas,CA,93907,1 831-422-7944,https://www.californiatowing.net/%3Futm_source%3Domg-gbp%26utm_medium%3Dwebclick,3.6,,,,,,"[""Open 24 hours""]",,,36.7357677,-121.6596137
California Towing & Recovery,575 E Mission Rd,San Marcos,CA,92069,1 760-260-9553,https://cdtowing.com/,4.3,,,,,,"[""Open 24 hours""]",,,33.144656,-117.1497359
Salinas Towing,212 S Uruapan Way,Dinuba,CA,93618,1 559-595-9337,,4.6,,,,,,"[""8AM-5PM""]",,,36.5383269,-119.3908508
Roy's Towing,1344 E Thousand Oaks Blvd,Thousand Oaks,CA,91362,1 805-371-4330,http://www.roystowing.com/,4.1,,,,,,"[""Open 24 hours""]",,,34.1769717,-118.8560464
All City Tow Service,5832 W Adams Blvd,Culver City,CA,90232,1 323-934-0404,https://www.allcitytowservices.com/,2.3,,,,,,"[""8AM-5PM""]",,,34.0322698,-118.3712287
California Towing & Transport,9700 Holton Way,Redding,CA,96003,1 530-224-0911,https://towredding.com/,4,,,,,,"[""Open 24 hours""]",,,40.571516,-122.3204529
G.S. California Towing Inc.,2202 W 5th St,Santa Ana,CA,92703,1 714-558-7645,https://gscaliforniatowing.com/%3Futm_source%3Domg-gbp%26utm_medium%3Dwebclick,3.1,,,,,,"[""8AM-5PM""]",,,33.7484521,-117.8978377
Preferred Towing,7831 Willow Ave,California City,CA,93505,1 661-775-1500,http://www.preferredtow.com/,3.4,,,,,,"[""Open 24 hours""]",,,35.1056671,-117.9864807
California Roadside Service,1426 S Allec St,Anaheim,CA,92805,1 714-989-7030,https://www.californiaroadside.com/,3.2,,,,,,"[""Open 24 hours""]",,,33.812332,-117.898545
Michael’s Central Valley Towing,94 Academy Ave,Sanger,CA,93657,1 559-875-7590,,4,,,,,,"[""Open 24 hours""]",,,36.708006,-119.5559652
Cal-State Towing Services,16923 9th St Suite C,Huron,CA,93234,1 559-945-9262,,4.5,,,,,,"[""Open 24 hours""]",,,36.2025093,-120.101718
J&D/Joshua's Towing,1209 Milham Ave,Kettleman City,CA,93239,1 559-386-5121,https://janddjoshuastowing.com/%3Futm_source%3Domg-gbp%26utm_medium%3Dwebclick,4.4,,,,,,"[""Open 24 hours""]",,,36.0105743,-119.9581764
Unique Auto Exhaust & Towing,559 8th St,Orange Cove,CA,93646,,,4,,,,,,,,,36.6249991,-119.3153377
Avenal Towing,265 E Tulare St,Avenal,CA,93204,1 559-386-5000,,4.4,,,,,,"[""Open 24 hours""]",,,36.0018426,-120.1350373
Ibarra’s Towing,,,,,1 661-440-3902,,5,,,,,,"[""Open 24 hours""]",,,35.0250785,-117.26682
S & M Towing LLC,2207 E Hillcrest Ave,Visalia,CA,93292,1 559-909-7926,,5,,,,,,"[""Open 24 hours""]",,,36.314143,-119.2683384
Duenas Towing,3135 E Mono Ave,Fresno,CA,93702,1 559-681-3098,http://duenastowingservice.com/,5,,,,,,"[""Open 24 hours""]",,,36.7372467,-119.7717075
New Valley Towing,8298 E Dinuba Ave,Selma,CA,93662,1 559-666-0286,http://www.newvalleytowing.com/,4.7,,,,,,"[""Open 24 hours""]",,,36.5917972,-119.6406712
Contreras & Son's Towing,,,,,1 559-790-2778,,5,,,,,,"[""Open 24 hours""]",,,36.786849,-119.792453
Active Towing,1810 13th St Suite 10,Reedley,CA,93654,1 559-643-0911,,4.7,,,,,,"[""Open 24 hours""]",,,36.5933466,-119.449924
4 A COLORADO TOWING LLC,238 N Main St,Brighton,CO,80601,1 720-755-2717,https://www.4acoloradotowing.com/,5,190,"[""Open 24 hours""]","[""Open 24 hours""]","[""Open 24 hours""]","[""Open 24 hours""]","[""Open 24 hours""]","[""Open 24 hours""]","[""Open 24 hours""]",39.9901646,-104.8202171
24 Hours Roadside Towing Centennial,,,,,1 720-704-0030,,4.9,330,"[""Open 24 hours""]","[""Open 24 hours""]","[""Open 24 hours""]","[""Open 24 hours""]","[""Open 24 hours""]","[""Open 24 hours""]","[""Open 24 hours""]",39.5489249,-104.941753
Dad's Towing and Recovery - Idaho Springs,268 Stanley Rd Unit B,Idaho Springs,CO,80452,1 970-231-0654,https://dadstow.com/%3Futm_source%3Domg-gbp%26utm_medium%3Dwebclick,4.9,187,"[""Open 24 hours""]","[""Open 24 hours""]","[""Open 24 hours""]","[""Open 24 hours""]","[""Open 24 hours""]","[""Open 24 hours""]","[""Open 24 hours""]",39.7443744,-105.5395491
John's Towing Service,3280 Chambers Rd,Aurora,CO,80011,1 303-360-0810,https://www.johnstowingservice.com/,4.8,2232,"[""Open 24 hours""]","[""Open 24 hours""]","[""Open 24 hours""]","[""Open 24 hours""]","[""Open 24 hours""]","[""Open 24 hours""]","[""Open 24 hours""]",39.7632406,-104.8094393
24 Hours Roadside Towing Castle Rock,,,,,1 720-738-5444,,4.8,106,"[""Open 24 hours""]","[""Open 24 hours""]","[""Open 24 hours""]","[""Open 24 hours""]","[""Open 24 hours""]","[""Open 24 hours""]","[""Open 24 hours""]",39.0280725,-104.7376931
Colorado Mountain Towing,330 Warren Ave Unit B,Silverthorne,CO,80498,1 970-877-7777,http://www.coloradomountaintowing.com/,5,118,"[""Open 24 hours""]","[""Open 24 hours""]","[""Open 24 hours""]","[""Open 24 hours""]","[""Open 24 hours""]","[""Open 24 hours""]","[""Open 24 hours""]",39.6303168,-106.0779335
24/7 Towing & Recovery,2 Quitman St,Denver,CO,80219,1 720-502-1676,https://www.denvertowingandrecovery.com/,4.9,63,"[""Open 24 hours""]","[""Open 24 hours""]","[""Open 24 hours""]","[""Open 24 hours""]","[""Open 24 hours""]","[""Open 24 hours""]","[""Open 24 hours""]",39.7167504,-105.0406447
24 Hours Roadside Towing,,,,,1 720-500-6717,https://centraliatowing.com/,4.8,156,"[""Open 24 hours""]","[""Open 24 hours""]","[""Open 24 hours""]","[""Open 24 hours""]","[""Open 24 hours""]","[""Open 24 hours""]","[""Open 24 hours""]",39.68888,-104.5068714
24 Hours Roadside Towing Parker,,,,,1 720-706-8090,,5,30,"[""Open 24 hours""]","[""Open 24 hours""]","[""Open 24 hours""]","[""Open 24 hours""]","[""Open 24 hours""]","[""Open 24 hours""]","[""Open 24 hours""]",39.2604246,-104.6909411
Villalobos Towing LLC,5161 York St,Denver,CO,80216,1 720-299-3456,http://villalobostowingllc.com/,4.9,595,"[""7AM-7PM""]","[""7AM-7PM""]","[""7AM-7PM""]","[""7AM-7PM""]","[""7AM-7PM""]","[""9AM-3PM""]","[""Closed""]",39.7906927,-104.9594699
Randy's High Country Towing,1205 E Las Vegas St,Colorado Springs,CO,80903,1 719-596-6067,https://www.facebook.com/randyshighcountrytowing/,4.3,400,"[""Open 24 hours""]","[""Open 24 hours""]","[""Open 24 hours""]","[""Open 24 hours""]","[""Open 24 hours""]","[""Open 24 hours""]","[""Open 24 hours""]",38.8117798,-104.8034077
Ryan's Recovery,198 Continental Ct,Breckenridge,CO,80424,1 970-453-1388,http://www.ryansrecovery.com/,4.9,605,"[""Open 24 hours""]","[""Open 24 hours""]","[""Open 24 hours""]","[""Open 24 hours""]","[""Open 24 hours""]","[""Open 24 hours""]","[""Open 24 hours""]",39.5128784,-106.053276
Mountain Recovery,290 Warren Ave,Silverthorne,CO,80498,1 970-476-1124,https://mountainrecovery.com/silverthorne-towing,4.6,416,"[""Open 24 hours""]","[""Open 24 hours""]","[""Open 24 hours""]","[""Open 24 hours""]","[""Open 24 hours""]","[""Open 24 hours""]","[""Open 24 hours""]",39.6292153,-106.0773823
Lucks Unlimited Towing,"10465 Melody Dr Northglenn, CO 80234 United States 8312 Acoma Way Denver, CO 80221 United States 10650 Irma Dr Northglenn, CO 80233 United States 664 W Thornton Pkwy Thornton, CO 80260 United States 460 E 120th Ave Northglenn, CO 80233",Thornton,CO,80260,1 720-618-6135,https://luckstowing.com/,5,54,"[""Open 24 hours""]","[""Open 24 hours""]","[""Open 24 hours""]","[""Open 24 hours""]","[""Open 24 hours""]","[""Open 24 hours""]","[""Open 24 hours""]",39.8862851,-104.9938093
Bugs Towing,806 Nichols Blvd,Colorado Springs,CO,80907,1 719-640-2416,https://www.bugstowing.com/%3Futm_source%3Domg-gbp%26utm_medium%3Dwebclick,4.1,1066,"[""Open 24 hours""]","[""Open 24 hours""]","[""Open 24 hours""]","[""Open 24 hours""]","[""Open 24 hours""]","[""Open 24 hours""]","[""Open 24 hours""]",38.8825559,-104.8099545
Parker Towing,18800 E Clarke Rd UNIT 101,Parker,CO,80134,1 303-841-9161,https://www.parkertowingservice.com/%3Futm_source%3Domg-gbp%26utm_medium%3Dwebclick,4.3,262,"[""Open 24 hours""]","[""Open 24 hours""]","[""Open 24 hours""]","[""Open 24 hours""]","[""Open 24 hours""]","[""Open 24 hours""]","[""Open 24 hours""]",39.5231051,-104.7703095
"Colorado Roadside Services, LLC",204 8th St unit# B,Dacono,CO,80514,1 303-956-2421,http://www.facebook.com/coloradoroadsideservices,4.6,46,"[""Open 24 hours""]","[""Open 24 hours""]","[""Open 24 hours""]","[""Open 24 hours""]","[""Open 24 hours""]","[""Open 24 hours""]","[""Open 24 hours""]",40.0874108,-104.9394257
D&J Towing,30495 Bryant Dr,Evergreen,CO,80439,1 303-879-7530,https://www.towingevergreenco.com/,4.7,678,"[""Open 24 hours""]","[""Open 24 hours""]","[""Open 24 hours""]","[""Open 24 hours""]","[""Open 24 hours""]","[""Open 24 hours""]","[""Open 24 hours""]",39.6510418,-105.3461376
All Mountain Towing and Recovery LLC,7867 Commanche Rd,Hartsel,CO,80449,1 970-389-1278,,4.6,163,"[""Open 24 hours""]","[""Open 24 hours""]","[""Open 24 hours""]","[""Open 24 hours""]","[""Open 24 hours""]","[""Open 24 hours""]","[""Open 24 hours""]",38.9409964,-105.7249599
Leo's Towing,2525 S Broadway,Denver,CO,80210,1 303-999-8039,https://leostowing.net/%3Futm_source%3Domg-gbp%26utm_medium%3Dwebclick,4.6,236,"[""Open 24 hours""]","[""Open 24 hours""]","[""Open 24 hours""]","[""Open 24 hours""]","[""Open 24 hours""]","[""Open 24 hours""]","[""Open 24 hours""]",39.6707228,-104.9879366
Grand Prix Motors Towing,90 Federal Rd,Danbury,CT,6810,1 203-743-3737,https://towingdanbury.com/,4.7,281,"[""Open 24 hours""]","[""Open 24 hours""]","[""Open 24 hours""]","[""Open 24 hours""]","[""Open 24 hours""]","[""Open 24 hours""]","[""Open 24 hours""]",41.4110956,-73.4278088
Lakeville Towing,330 Candlewood Lake Rd,Brookfield,CT,6804,1 203-942-1324,https://lakevilletowing.com/,4.8,2408,"[""Open 24 hours""]","[""Open 24 hours""]","[""Open 24 hours""]","[""Open 24 hours""]","[""Open 24 hours""]","[""Open 24 hours""]","[""Open 24 hours""]",41.4728782,-73.4309353
"Connecticut Towing, LLC",,,,,1 203-292-5904,https://cttow.pro/,5,6,"[""Open 24 hours""]","[""Open 24 hours""]","[""Open 24 hours""]","[""Open 24 hours""]","[""Open 24 hours""]","[""Open 24 hours""]","[""Open 24 hours""]",41.2060801,-73.2407895
Stamford Towing,130 Lenox Ave,Stamford,CT,6906,1 203-550-2585,http://www.stamfordtowing.com/,4,31,"[""Open 24 hours""]","[""Open 24 hours""]","[""Open 24 hours""]","[""Open 24 hours""]","[""Open 24 hours""]","[""Open 24 hours""]","[""Open 24 hours""]",41.0698391,-73.510636
Big Sam's Towing,5 Grant St,Bridgeport,CT,6610,1 203-886-6740,https://bigsamstowingllc.com/,4.6,103,"[""Open 24 hours""]","[""Open 24 hours""]","[""Open 24 hours""]","[""Open 24 hours""]","[""Open 24 hours""]","[""Open 24 hours""]","[""Open 24 hours""]",41.189561,-73.1714168
KT TOWING CT,470 Ella T Grasso Blvd,New Haven,CT,6519,1 203-913-8280,,4.4,35,"[""Open 24 hours""]","[""Open 24 hours""]","[""Open 24 hours""]","[""Open 24 hours""]","[""Open 24 hours""]","[""Open 24 hours""]","[""Open 24 hours""]",41.2925993,-72.9437959
CT Auto & Towing LLC,42 Jansen Ct,West Hartford,CT,6110,1 860-216-5474,http://www.ctautoandtowing.com/,4.1,256,"[""8AM-6PM""]","[""8AM-6PM""]","[""8AM-6PM""]","[""8AM-6PM""]","[""8AM-6PM""]","[""9AM-2PM""]","[""Closed""]",41.7227633,-72.72997
Eastwood Towing Inc.,3080 E Main St,Waterbury,CT,6705,1 203-754-4171,https://eastwoodtowingct.com/%3Futm_source%3Domg-gbp%26utm_medium%3Dwebclick,4.1,212,"[""Open 24 hours""]","[""Open 24 hours""]","[""Open 24 hours""]","[""Open 24 hours""]","[""Open 24 hours""]","[""Open 24 hours""]","[""Open 24 hours""]",41.5456322,-72.9852013
Tow Bros,26 Fiske St,Waterbury,CT,6710,1 860-735-1566,https://towbroservice.com/,4.8,55,"[""Open 24 hours""]","[""Open 24 hours""]","[""Open 24 hours""]","[""Open 24 hours""]","[""Open 24 hours""]","[""Open 24 hours""]","[""Open 24 hours""]",41.5707102,-73.0493948
CT Roadside Group,100 Avalon Gates,Trumbull,CT,6611,1 203-941-0301,http://www.ctroadsidegroup.com/,4.4,19,"[""Open 24 hours""]","[""Open 24 hours""]","[""Open 24 hours""]","[""Open 24 hours""]","[""Open 24 hours""]","[""Open 24 hours""]","[""Open 24 hours""]",41.2275312,-73.1908041
One Source Towing & Repair LLC,509 Laurel St,East Haven,CT,6512,1 475-441-7107,https://onesourcetowing.com/%3Futm_source%3Domg-gbp%26utm_medium%3Dwebclick,4.4,206,"[""Open 24 hours""]","[""Open 24 hours""]","[""Open 24 hours""]","[""Open 24 hours""]","[""Open 24 hours""]","[""Open 24 hours""]","[""Open 24 hours""]",41.3010673,-72.8646926
Waterbury Towing & Recovery INC,77 Washington Ave,Waterbury,CT,6708,1 203-754-3313,,3,203,"[""Open 24 hours""]","[""Open 24 hours""]","[""Open 24 hours""]","[""Open 24 hours""]","[""Open 24 hours""]","[""Open 24 hours""]","[""Open 24 hours""]",41.5438232,-73.0393492
Untouchable Towing,170 N Main St Suite B,Middletown,CT,6457,1 860-398-2867,https://untouchabletowingandautorepair.com/,4.3,279,"[""Open 24 hours""]","[""Open 24 hours""]","[""Open 24 hours""]","[""Open 24 hours""]","[""Open 24 hours""]","[""Open 24 hours""]","[""Open 24 hours""]",41.5708306,-72.6574902
Quality Towing & Auto Repair,271 Post Rd E,Westport,CT,6880,1 203-557-8640,http://www.qualitytowservices.com/,3.7,134,"[""Open 24 hours""]","[""Open 24 hours""]","[""Open 24 hours""]","[""Open 24 hours""]","[""Open 24 hours""]","[""Open 24 hours""]","[""Open 24 hours""]",41.1413247,-73.3560294
Norwalk Towing,1 Indiana Pl,Norwalk,CT,6854,1 203-354-7100,http://towtrucknorwalkct.com/,4.4,39,"[""8AM-8PM""]","[""8AM-8PM""]","[""8AM-8PM""]","[""8AM-8PM""]","[""8AM-8PM""]","[""8AM-8PM""]","[""8AM-8PM""]",41.0894714,-73.4289996
Brownie's Towing & Recovery,190 Danbury Rd Unit C,New Milford,CT,6776,1 860-350-0845,http://browniestowing.com/%3Futm_source%3Domg-gbp%26utm_medium%3Dwebclick,4.1,49,"[""Open 24 hours""]","[""Open 24 hours""]","[""Open 24 hours""]","[""Open 24 hours""]","[""Open 24 hours""]","[""Open 24 hours""]","[""Open 24 hours""]",41.548046,-73.420126
A7 Towing Services,991 Dixwell Ave,Hamden,CT,6514,1 475-219-4726,https://automotive7.com/pages/towing-new,4.6,41,"[""Open 24 hours""]","[""Open 24 hours""]","[""Open 24 hours""]","[""Open 24 hours""]","[""Open 24 hours""]","[""Open 24 hours""]","[""Open 24 hours""]",41.340283,-72.9342912
CT. Automotive LLC,74 Thomaston Rd,Litchfield,CT,6759,1 860-489-4555,https://towtruck-now.com/,4.8,65,"[""Open 24 hours""]","[""Open 24 hours""]","[""Open 24 hours""]","[""Open 24 hours""]","[""Open 24 hours""]","[""Open 24 hours""]","[""Open 24 hours""]",41.771743,-73.118338
Lone Star Repair Service,780 Pacific St,Stamford,CT,6902,1 203-327-4240,http://www.lonestartow.com/,3.8,259,"[""Open 24 hours""]","[""Open 24 hours""]","[""Open 24 hours""]","[""Open 24 hours""]","[""Open 24 hours""]","[""Open 24 hours""]","[""Open 24 hours""]",41.0404753,-73.5392485
East Coast Towing,"20 Lafayette St, Stamford, CT 06902 &, 25 Taff Avenue",Stamford,CT,6902,1 203-323-3125,,3,111,"[""7:30AM-3:30PM""]","[""7:30AM-3:30PM""]","[""7:30AM-3:30PM""]","[""7:30AM-3:30PM""]","[""7:30AM-3:30PM""]","[""Closed""]","[""Closed""]",41.0544589,-73.5275108
Delaware Towing Service,1000 S Market St #2,Wilmington,DE,19801,1 302-241-5804,http://detowingservice.com/%3Futm_source%3Domg-gbp%26utm_medium%3Dwebclick,3.8,32,"[""Open 24 hours""]","[""Open 24 hours""]","[""Open 24 hours""]","[""Open 24 hours""]","[""Open 24 hours""]","[""Open 24 hours""]","[""Open 24 hours""]",39.723263,-75.5551902
4 Points Towing & Roadside Service,5494 Willow Grove Rd,Camden,DE,19934,1 302-757-5197,https://4pointstowing.com/,4.9,981,"[""Open 24 hours""]","[""Open 24 hours""]","[""Open 24 hours""]","[""Open 24 hours""]","[""Open 24 hours""]","[""Open 24 hours""]","[""Open 24 hours""]",39.0490129,-75.6490953
Holly Oak Towing & Service Center,5107 Governor Printz Blvd,Wilmington,DE,19809,1 302-792-1500,http://hollyoaktowing.com/,4.7,405,"[""Open 24 hours""]","[""Open 24 hours""]","[""Open 24 hours""]","[""Open 24 hours""]","[""Open 24 hours""]","[""Open 24 hours""]","[""Open 24 hours""]",39.75815,-75.4927682
Coastal Towing,33012 Cedar Grove Rd,Lewes,DE,19958,1 302-645-6300,https://coastaltowingandautode.com/,3.7,202,"[""8AM-5PM""]","[""8AM-5PM""]","[""8AM-5PM""]","[""8AM-5PM""]","[""8AM-5PM""]","[""8AM-12PM""]","[""Closed""]",38.719087,-75.167584
TM Towing & Recovery,10 Tyrone Ave,New Castle,DE,19720,1 302-991-0866,http://tmtowingrepairs.com/,4.8,102,"[""Open 24 hours""]","[""Open 24 hours""]","[""Open 24 hours""]","[""Open 24 hours""]","[""Open 24 hours""]","[""Open 24 hours""]","[""Open 24 hours""]",39.7133617,-75.56668
Mc Kinney's Towing & Road Services,5336 N Dupont Hwy,Dover,DE,19901,1 302-734-7584,https://mckinneystowing.com/,4.3,136,"[""Open 24 hours""]","[""Open 24 hours""]","[""Open 24 hours""]","[""Open 24 hours""]","[""Open 24 hours""]","[""Open 24 hours""]","[""Open 24 hours""]",39.222229,-75.5753326
Craig's Towing 24/7 towing,736 Grantham Ln,New Castle,DE,19720,1 302-276-5997,https://www.craigstowing-recoveryde.com/,4.3,39,"[""Open 24 hours""]","[""Open 24 hours""]","[""Open 24 hours""]","[""Open 24 hours""]","[""Open 24 hours""]","[""Open 24 hours""]","[""Open 24 hours""]",39.6490517,-75.6006353
FIRST STATE TOWING,424 Old Airport Rd,New Castle,DE,19720,1 302-994-9244,http://www.firststatetowing.com/,3.4,101,"[""8AM-5:30PM""]","[""8AM-5:30PM""]","[""8AM-5:30PM""]","[""8AM-5:30PM""]","[""8AM-5:30PM""]","[""10AM-2PM""]","[""Closed""]",39.6985079,-75.614686
Zee Towing,1 Sandalwood Dr,Newark,DE,19713,1 302-494-5241,,4.4,77,"[""Open 24 hours""]","[""Open 24 hours""]","[""Open 24 hours""]","[""Open 24 hours""]","[""Open 24 hours""]","[""Open 24 hours""]","[""Open 24 hours""]",39.669081,-75.6914737
Prime Towing & Recovery,13 Millside Dr Suite A,Wilmington,DE,19801,1 302-357-3622,,4.6,20,"[""Open 24 hours""]","[""Open 24 hours""]","[""Open 24 hours""]","[""Open 24 hours""]","[""Open 24 hours""]","[""Open 24 hours""]","[""Open 24 hours""]",39.7213326,-75.5541213
Encore Towing & Transporting,20232 Reynolds Pond Rd,Ellendale,DE,19941,1 302-236-2983,http://encoretowing.com/%3Futm_source%3Dgmb%26utm_medium%3Dreferral,4.9,93,"[""Open 24 hours""]","[""Open 24 hours""]","[""Open 24 hours""]","[""Open 24 hours""]","[""Open 24 hours""]","[""Open 24 hours""]","[""Open 24 hours""]",38.8070704,-75.3952517
GIR Towing & Recovery Transport,4128 Forrest Ave,Dover,DE,19904,1 302-724-2553,,4.9,70,"[""Open 24 hours""]","[""Open 24 hours""]","[""Open 24 hours""]","[""Open 24 hours""]","[""Open 24 hours""]","[""Open 24 hours""]","[""Open 24 hours""]",39.1561412,-75.6166715
Stokes Towing & Recovery LLC,74 Albe Dr Unit 9,Newark,DE,19702,1 302-507-8532,,4.3,23,"[""Open 24 hours""]","[""Open 24 hours""]","[""Open 24 hours""]","[""Open 24 hours""]","[""Open 24 hours""]","[""Open 24 hours""]","[""Open 24 hours""]",39.6504065,-75.7116621
Aki's Allied,603 W Division St,Dover,DE,19904,1 833-599-2547,http://dovertowtruck.com/,4.9,121,"[""Open 24 hours""]","[""Open 24 hours""]","[""Open 24 hours""]","[""Open 24 hours""]","[""Open 24 hours""]","[""Open 24 hours""]","[""Open 24 hours""]",39.1599635,-75.5339482
Sussex Towing LLC,307 S Railroad Ave,Georgetown,DE,19947,1 302-542-0224,https://sussextowing.com/,4.7,7,"[""Open 24 hours""]","[""Open 24 hours""]","[""Open 24 hours""]","[""Open 24 hours""]","[""Open 24 hours""]","[""Open 24 hours""]","[""Open 24 hours""]",38.690745,-75.377429
Nacho Transports llc Towing & Recovery,143 E Main St,Middletown,DE,19709,1 302-893-0773,,5,29,"[""Open 24 hours""]","[""Open 24 hours""]","[""Open 24 hours""]","[""Open 24 hours""]","[""Open 24 hours""]","[""Open 24 hours""]","[""Open 24 hours""]",39.4500362,-75.7129729
First State Chevrolet Towing,22694 Dupont Blvd,Georgetown,DE,19947,1 302-752-3299,http://www.firststatechevy.com/,4,38,"[""Open 24 hours""]","[""Open 24 hours""]","[""Open 24 hours""]","[""Open 24 hours""]","[""Open 24 hours""]","[""Open 24 hours""]","[""Open 24 hours""]",38.670305,-75.386304
Harris Towing Group - Towing & Recovery Dover,5360 N Dupont Hwy,Dover,DE,19901,1 302-208-6300,https://www.harristowing.com/,4.3,75,"[""8AM-5PM""]","[""8AM-5PM""]","[""8AM-5PM""]","[""8AM-5PM""]","[""8AM-5PM""]","[""Closed""]","[""Closed""]",39.2229674,-75.575611
AV A Towing LLC,691 Jenkins Pond Rd,Milford,DE,19963,1 407-709-6824,,4.2,35,"[""Open 24 hours""]","[""Open 24 hours""]","[""Open 24 hours""]","[""Open 24 hours""]","[""Open 24 hours""]","[""Open 24 hours""]","[""Open 24 hours""]",38.9594289,-75.4224321
M.A.G. Towing & Auto Service Center (Frankford),35001 Roxana Rd,Frankford,DE,19945,1 302-381-7654,http://magtowingandauto.com/,3.9,146,"[""Open 24 hours""]","[""Open 24 hours""]","[""Open 24 hours""]","[""Open 24 hours""]","[""Open 24 hours""]","[""Open 24 hours""]","[""Open 24 hours""]",38.4985389,-75.1663818
Florida Tow LLC,11713 US-92,Seffner,FL,33584,1 813-352-0586,https://floridatowllc.com/,4.9,1729,"[""Open 24 hours""]","[""Open 24 hours""]","[""Open 24 hours""]","[""Open 24 hours""]","[""Open 24 hours""]","[""Open 24 hours""]","[""Open 24 hours""]",28.0015693,-82.3012109
Florida Wrecker Sales,5620 E M.L.K. Jr Blvd,Tampa,FL,33619,1 813-626-2144,http://www.flwrecker.com/,4.5,118,"[""8AM-5PM""]","[""8AM-5PM""]","[""8AM-5PM""]","[""8AM-5PM""]","[""8AM-5PM""]","[""Closed""]","[""Closed""]",27.9822452,-82.392227
All Florida Towing,1107 Old Dixie Hwy,Lake Park,FL,33403,1 561-840-9300,https://allfloridatowing.com/,4.2,90,"[""Open 24 hours""]","[""Open 24 hours""]","[""Open 24 hours""]","[""Open 24 hours""]","[""Open 24 hours""]","[""Open 24 hours""]","[""Open 24 hours""]",26.7993648,-80.0744694
East Florida Towing & Recovery,161 W Landstreet Rd,Orlando,FL,32824,1 407-608-9400,,4.7,58,"[""7AM-5PM""]","[""7AM-5PM""]","[""7AM-5PM""]","[""7AM-5PM""]","[""7AM-5PM""]","[""Closed""]","[""Closed""]",28.4366049,-81.3789153
Florida Towing,4160 54th Ave N,St. Petersburg,FL,33714,1 727-623-2706,http://floridatowing.pro/,3.6,14,"[""Open 24 hours""]","[""Open 24 hours""]","[""Open 24 hours""]","[""Open 24 hours""]","[""Open 24 hours""]","[""Open 24 hours""]","[""Open 24 hours""]",27.820802,-82.68919
Meyer's Towing Inc.,1925 FL-60,Lake Wales,FL,33859,1 863-676-7666,http://www.meyerstowing.com/,4.1,223,"[""8AM-6PM""]","[""8AM-6PM""]","[""8AM-6PM""]","[""8AM-6PM""]","[""8AM-6PM""]","[""Closed""]","[""Closed""]",27.9037804,-81.620343
PRESIDENTIAL TOWING,4131 FL-60,Lake Wales,FL,33898,1 863-440-1166,,4.7,52,"[""Open 24 hours""]","[""Open 24 hours""]","[""Open 24 hours""]","[""Open 24 hours""]","[""Open 24 hours""]","[""Open 24 hours""]","[""Open 24 hours""]",27.8945582,-81.5211767
Orange State Towing & Recovery,1125 E Duval St,Lake City,FL,32025,1 386-365-8733,http://orangestatetowing.net/,5,436,"[""Open 24 hours""]","[""Open 24 hours""]","[""Open 24 hours""]","[""Open 24 hours""]","[""Open 24 hours""]","[""Open 24 hours""]","[""Open 24 hours""]",30.1897056,-82.6207719
"Southwest Florida Recovery & Towing, Inc. D.B.A Affordable Asset Recovery Solutions Inc.",3119 Clark Rd,Sarasota,FL,34231,1 941-400-6491,http://www.floridatowingandrecovery.com/,4.7,24,"[""8AM-5PM""]","[""8AM-5PM""]","[""8AM-5PM""]","[""8AM-5PM""]","[""8AM-5PM""]","[""8AM-12PM""]","[""Closed""]",27.2696909,-82.5070915
Osceola Towing service LLC,,,,,1 407-338-5492,https://osceolatowingservicellc.com/,5,40,"[""Open 24 hours""]","[""Open 24 hours""]","[""Open 24 hours""]","[""Open 24 hours""]","[""Open 24 hours""]","[""Open 24 hours""]","[""Open 24 hours""]",28.481232,-81.3427941
Servicio de Grua israel,730 Franklin Ln,Orlando,FL,32801,1 689-208-0290,https://serviciodegruaisrael.com/,5,1,"[""9AM-11PM""]","[""9AM-11PM""]","[""9AM-11PM""]","[""9AM-11PM""]","[""9AM-11PM""]","[""9AM-11PM""]","[""9AM-11PM""]",28.5327064,-81.3820858
Double M Towing of Florida Inc,1453 42nd St NW,Winter Haven,FL,33881,1 863-307-7985,https://sites.google.com/afterhrsmc.com/doublemtowingofflorida/home,5,7,"[""Open 24 hours""]","[""Open 24 hours""]","[""Open 24 hours""]","[""Open 24 hours""]","[""Open 24 hours""]","[""Open 24 hours""]","[""Open 24 hours""]",28.0413476,-81.7762113
All Auto Towing Inc.,1331 W Central Blvd,Orlando,FL,32805,1 321-333-5765,http://allautotowinginc.wixsite.com/aati,4,945,"[""9AM-5PM""]","[""9AM-5PM""]","[""9AM-5PM""]","[""9AM-5PM""]","[""9AM-5PM""]","[""9AM-5PM""]","[""9AM-5PM""]",28.5422558,-81.3984905
Maximum Towing and Transport of Central Florida,110 Spirit Lake Rd unit 13,Winter Haven,FL,33880,1 863-656-1025,https://www.maximumtowingteam.com/,4.8,37,"[""Open 24 hours""]","[""Open 24 hours""]","[""Open 24 hours""]","[""Open 24 hours""]","[""Open 24 hours""]","[""Open 24 hours""]","[""Open 24 hours""]",28.0233984,-81.776751
Good Hooks Towing Services,6613 Mission Club Blvd,Orlando,FL,32821,1 954-512-3922,https://goodhookstowing.com/,4.9,157,"[""Open 24 hours""]","[""Open 24 hours""]","[""Open 24 hours""]","[""Open 24 hours""]","[""Open 24 hours""]","[""Open 24 hours""]","[""Open 24 hours""]",28.3876415,-81.4723106
DLJ Towing & Roadside Assistance Orlando Tow Truck,600 Ring Rd lot 1,Orlando,FL,32811,1 407-558-8238,https://dljtowingandroadsideassistance.com/,4.7,255,"[""8AM-6PM""]","[""8AM-6PM""]","[""8AM-6PM""]","[""8AM-6PM""]","[""8AM-6PM""]","[""8AM-6PM""]","[""Closed""]",28.534901,-81.451871
Towing Service Miami LLC,935 SW 11th Ave apt 2,Miami,FL,33130,1 786-449-1714,https://towtruck247nearme.com/lander,4.9,97,"[""Open 24 hours""]","[""Open 24 hours""]","[""Open 24 hours""]","[""Open 24 hours""]","[""Open 24 hours""]","[""Open 24 hours""]","[""Open 24 hours""]",25.7642253,-80.2124742
Target Recovery & Towing,3745 N Florida Ave,Tampa,FL,33603,1 813-221-6800,https://www.targetrt.com/,1.4,173,"[""Open 24 hours""]","[""Open 24 hours""]","[""Open 24 hours""]","[""Open 24 hours""]","[""Open 24 hours""]","[""Open 24 hours""]","[""Open 24 hours""]",27.9792576,-82.4596241
Fort Lauderdale Towing Services,2940 SW 84th Ave,Davie,FL,33328,1 954-709-0613,https://fortlauderdaletowingservice.net/,4.9,160,"[""Open 24 hours""]","[""Open 24 hours""]","[""Open 24 hours""]","[""Open 24 hours""]","[""Open 24 hours""]","[""Open 24 hours""]","[""Open 24 hours""]",26.0837035,-80.2600403
"Towing Florida, LLC",8950 SW 74th Ct,Miami,FL,33156,1 888-688-3017,https://www.towingflorida.com/,4.9,43,"[""Open 24 hours""]","[""Open 24 hours""]","[""Open 24 hours""]","[""Open 24 hours""]","[""Open 24 hours""]","[""Open 24 hours""]","[""Open 24 hours""]",25.68704,-80.3155361
Marietta Wrecker Service,950 Allgood Rd NE,Marietta,GA,30062,1 770-765-1941,https://www.mariettawrecker.com/,4.8,3862,"[""Open 24 hours""]","[""Open 24 hours""]","[""Open 24 hours""]","[""Open 24 hours""]","[""Open 24 hours""]","[""Open 24 hours""]","[""Open 24 hours""]",33.973337,-84.526324
Tow Man Tow Truck & Roadside Assistance,235 Scott St NW,Atlanta,GA,30314,1 943-996-9583,https://towmantowtruckandroadassistance.weebly.com/,5,109,"[""Open 24 hours""]","[""Open 24 hours""]","[""Open 24 hours""]","[""Open 24 hours""]","[""Open 24 hours""]","[""Open 24 hours""]","[""Open 24 hours""]",33.7615699,-84.431995
AZ roadside assistance tow truck service,5436 Riverdale Rd Suite 125-Z,Atlanta,GA,30349,1 470-907-2207,http://azroadsideassistance.weebly.com/,5,482,"[""Open 24 hours""]","[""Open 24 hours""]","[""Open 24 hours""]","[""Open 24 hours""]","[""Open 24 hours""]","[""Open 24 hours""]","[""Open 24 hours""]",33.6066533,-84.4347033
"Central Georgia Towing & Recovery, LLC",930 N Elbert St,Milledgeville,GA,31061,1 478-414-1885,https://www.facebook.com/Centralgatowing,4.4,81,"[""Open 24 hours""]","[""Open 24 hours""]","[""Open 24 hours""]","[""Open 24 hours""]","[""Open 24 hours""]","[""Open 24 hours""]","[""Open 24 hours""]",33.0938286,-83.2275886
Georgia State Towing,2289 Beecher Rd SW,Atlanta,GA,30311,1 470-343-5324,https://www.instagram.com/georgiastatetowing%3Figsh%3DZnhyZG5lM3c1eHFh,4.8,49,"[""7AM-2AM""]","[""7AM-2AM""]","[""7AM-2AM""]","[""7AM-2AM""]","[""7AM-2AM""]","[""7AM-2AM""]","[""7AM-2AM""]",33.727364,-84.4637833
Tow-It-All Towing,409 Mayfield Dr,Monroe,GA,30655,1 678-410-9187,http://towitallga.com/,5,312,"[""Open 24 hours""]","[""Open 24 hours""]","[""Open 24 hours""]","[""Open 24 hours""]","[""Open 24 hours""]","[""Open 24 hours""]","[""Open 24 hours""]",33.8020616,-83.7275094
Ocho Rios towing transport and repair inc.,2093 Rock Chapel Rd,Lithonia,GA,30058,1 678-860-0701,http://ochoriostowinginc.com/,5,240,"[""Open 24 hours""]","[""Open 24 hours""]","[""Open 24 hours""]","[""Open 24 hours""]","[""Open 24 hours""]","[""Open 24 hours""]","[""Open 24 hours""]",33.7306262,-84.0919478
Star Towing,6980 GA-85 c2,Riverdale,GA,30274,1 470-776-9345,https://startowing.weebly.com/,5,1094,"[""Open 24 hours""]","[""Open 24 hours""]","[""Open 24 hours""]","[""Open 24 hours""]","[""Open 24 hours""]","[""Open 24 hours""]","[""Open 24 hours""]",33.5642716,-84.414046
T&N Towing Services 24 Hour Tow truck service in Lithonia,6975 Main St,Lithonia,GA,30058,1 678-558-0192,http://www.lithoniagatowingservice.com/,5,127,"[""Open 24 hours""]","[""Open 24 hours""]","[""Open 24 hours""]","[""Open 24 hours""]","[""Open 24 hours""]","[""Open 24 hours""]","[""Open 24 hours""]",33.7116506,-84.1062268
"King's 24 Hour Towing and Repair, LLC.",3195 Hwy 81 S,Covington,GA,30016,1 770-787-6243,,4.3,77,"[""Open 24 hours""]","[""Open 24 hours""]","[""Open 24 hours""]","[""Open 24 hours""]","[""Open 24 hours""]","[""Open 24 hours""]","[""Open 24 hours""]",33.547659,-83.941936
A1 towing & recovery llc,221 Royal Ct,Douglas,GA,31535,1 912-309-9739,http://www.facebook.com/A1towing911/,4.8,77,"[""Open 24 hours""]","[""Open 24 hours""]","[""Open 24 hours""]","[""Open 24 hours""]","[""Open 24 hours""]","[""Open 24 hours""]","[""Open 24 hours""]",31.4380381,-82.8871715
Lyder's Towing LLC,9039 GA-74,Macon,GA,31220,1 478-501-1983,https://www.lyderstowingllc.com/,5,726,"[""Open 24 hours""]","[""Open 24 hours""]","[""Open 24 hours""]","[""Open 24 hours""]","[""Open 24 hours""]","[""Open 24 hours""]","[""Open 24 hours""]",32.8653941,-83.8634618
Georgia Hookers Towing,,,,,1 404-207-4740,https://georgiahookerstowing.com/,5,25,"[""Open 24 hours""]","[""Open 24 hours""]","[""Open 24 hours""]","[""Open 24 hours""]","[""Open 24 hours""]","[""Open 24 hours""]","[""Open 24 hours""]",33.8444016,-84.4374356
Dixie 24/7 Wrecker Service,7220 Old Beulah Rd,Lithia Springs,GA,30122,1 770-948-4367,http://dixie24hrwreckerservice.com/,4.5,160,"[""Open 24 hours""]","[""Open 24 hours""]","[""Open 24 hours""]","[""Open 24 hours""]","[""Open 24 hours""]","[""Open 24 hours""]","[""Open 24 hours""]",33.7794689,-84.6790461
Southern Style Towing,1314 Brookwood Ave Suite B,Jackson,GA,30233,1 470-344-1634,https://www.southernstyletowing.com/,4.9,1745,"[""7AM-9PM""]","[""7AM-9PM""]","[""7AM-9PM""]","[""7AM-9PM""]","[""7AM-9PM""]","[""10AM-8PM""]","[""Closed""]",33.3082814,-83.981226
Tim's Towing and Recovery,2141 Gamble Rd,Savannah,GA,31405,1 912-964-6773,https://timstowingandrecovery.com/location/savannah-ga/,4.6,516,"[""Open 24 hours""]","[""Open 24 hours""]","[""Open 24 hours""]","[""Open 24 hours""]","[""Open 24 hours""]","[""Open 24 hours""]","[""Open 24 hours""]",32.0492858,-81.1490936
Dublin Wrecker Service,517 Ed Beckham Rd,East Dublin,GA,31027,1 478-275-4125,,5,60,"[""Open 24 hours""]","[""Open 24 hours""]","[""Open 24 hours""]","[""Open 24 hours""]","[""Open 24 hours""]","[""Open 24 hours""]","[""Open 24 hours""]",32.5226925,-82.8355435
By Grace Towing and Repair,2137 Randall Rd,Lithonia,GA,30058,1 770-484-5671,https://bygracetowing.wixsite.com/bygracetowing,4,129,"[""Open 24 hours""]","[""Open 24 hours""]","[""Open 24 hours""]","[""Open 24 hours""]","[""Open 24 hours""]","[""Open 24 hours""]","[""Open 24 hours""]",33.7253916,-84.1117911
Towing Brookhaven GA,3044 Clairmont Rd G,Atlanta,GA,30092,1 404-566-6694,https://www.towingbrookhaven.com/,3.8,36,"[""Open 24 hours""]","[""Open 24 hours""]","[""Open 24 hours""]","[""Open 24 hours""]","[""Open 24 hours""]","[""Open 24 hours""]","[""Open 24 hours""]",33.8470208,-84.3154933
Tate & Sons Heavy Duty Towing Atlanta,1789 Lakewood Terrace SE,Atlanta,GA,30315,1 770-899-2595,https://tateandsonstowing.com/,4.5,75,"[""Open 24 hours""]","[""Open 24 hours""]","[""Open 24 hours""]","[""Open 24 hours""]","[""Open 24 hours""]","[""Open 24 hours""]","[""Open 24 hours""]",33.705378,-84.3793106
Hawaii Towing Company Inc.,94-444 Apowale St,Waipahu,HI,96797,1 808-672-7711,https://hawaiitowingcompany.com/,4.9,263,"[""Open 24 hours""]","[""Open 24 hours""]","[""Open 24 hours""]","[""Open 24 hours""]","[""Open 24 hours""]","[""Open 24 hours""]","[""Open 24 hours""]",21.3861689,-158.0174486
Freedom Tow Hawaii,60 N Nimitz Hwy,Honolulu,HI,96817,1 808-859-5019,https://sites.google.com/view/freedomtowhawaii/home,4.9,66,"[""Open 24 hours""]","[""Open 24 hours""]","[""Open 24 hours""]","[""Open 24 hours""]","[""Open 24 hours""]","[""Open 24 hours""]","[""Open 24 hours""]",21.311277,-157.8639483
O'Sung Towing & Recovery,1229 N King St,Honolulu,HI,96817,1 808-845-6030,http://osungtowing.com/,4.5,236,"[""Open 24 hours""]","[""Open 24 hours""]","[""Open 24 hours""]","[""Open 24 hours""]","[""Open 24 hours""]","[""Open 24 hours""]","[""Open 24 hours""]",21.3266887,-157.8703343
VIP Towing,1006 Mikole St,Honolulu,HI,96819,1 808-495-4845,http://www.junkmycarhawaii.com/,1.5,274,"[""Open 24 hours""]","[""Open 24 hours""]","[""Open 24 hours""]","[""Open 24 hours""]","[""Open 24 hours""]","[""Open 24 hours""]","[""Open 24 hours""]",21.3026611,-157.8713465
24Hour Island Towing,1260 St Louis Dr,Honolulu,HI,96816,1 808-460-4660,http://honolululocaltowcompany.com/,3.8,69,"[""Open 24 hours""]","[""Open 24 hours""]","[""Open 24 hours""]","[""Open 24 hours""]","[""Open 24 hours""]","[""Open 24 hours""]","[""Open 24 hours""]",21.290486,-157.8106557
TIP TOWS TOWING,590 Farrington Hwy #210-200,Kapolei,HI,96707,1 808-222-3432,https://www.towingoahu.com/%3Futm_source%3Domg-gbp%26utm_medium%3Dwebclick,4.9,198,"[""5AM-12AM""]","[""5AM-12AM""]","[""5AM-12AM""]","[""5AM-12AM""]","[""5AM-12AM""]","[""5AM-12AM""]","[""5AM-12AM""]",21.3375977,-158.0806204
Honolulu Towing,933 Owen St,Honolulu,HI,96819,1 808-839-9494,,2.8,95,"[""Open 24 hours""]","[""Open 24 hours""]","[""Open 24 hours""]","[""Open 24 hours""]","[""Open 24 hours""]","[""Open 24 hours""]","[""Open 24 hours""]",21.336216,-157.8833372
Transport Oahu - Towing & Equipment Hauling,1723 Palolo Ave,Honolulu,HI,96816,1 808-798-5222,https://www.transportoahu.com/,4.6,11,"[""Open 24 hours""]","[""Open 24 hours""]","[""Open 24 hours""]","[""Open 24 hours""]","[""Open 24 hours""]","[""Open 24 hours""]","[""Open 24 hours""]",21.2941636,-157.7998599
Integrity Towing,99-063 Moanalua Rd A,Aiea,HI,96701,1 808-258-7515,http://www.integrity-towing.com/,4.5,54,"[""Open 24 hours""]","[""Open 24 hours""]","[""Open 24 hours""]","[""Open 24 hours""]","[""Open 24 hours""]","[""Open 24 hours""]","[""Open 24 hours""]",21.3808648,-157.9323591
MK Towing LLC,95-156 Waimakua Pl,Mililani,HI,96789,1 808-227-3354,,4.9,30,"[""Open 24 hours""]","[""Open 24 hours""]","[""Open 24 hours""]","[""Open 24 hours""]","[""Open 24 hours""]","[""Open 24 hours""]","[""Open 24 hours""]",21.4619893,-158.0157498
Oahu Towing Company,94-993 Kaaholo St,Waipahu,HI,96797,1 808-425-9250,https://www.oahutowingcompany.com/,4.3,21,"[""Open 24 hours""]","[""Open 24 hours""]","[""Open 24 hours""]","[""Open 24 hours""]","[""Open 24 hours""]","[""Open 24 hours""]","[""Open 24 hours""]",21.3968778,-158.0207497
Empire Towing & Recovery LLC.,777 Intrepid St,Kapolei,HI,96707,1 808-621-2800,http://empiretowinghawaii.com/,4.5,87,"[""6AM-10PM""]","[""6AM-10PM""]","[""6AM-10PM""]","[""6AM-10PM""]","[""6AM-10PM""]","[""Closed""]","[""Closed""]",21.3171683,-158.0782625
A's Towing Hawaii,91-257 Hanapouli Cir #18R,Ewa Beach,HI,96706,1 808-216-0445,,5,1,"[""Open 24 hours""]","[""Open 24 hours""]","[""Open 24 hours""]","[""Open 24 hours""]","[""Open 24 hours""]","[""Open 24 hours""]","[""Open 24 hours""]",21.333891,-158.026756
All Island Automotive Towing,96-1268 Waihona St,Pearl City,HI,96782,1 808-682-0770,,1.9,205,"[""Open 24 hours""]","[""Open 24 hours""]","[""Open 24 hours""]","[""Open 24 hours""]","[""Open 24 hours""]","[""Closed""]","[""Closed""]",21.4103237,-157.9773149
Express Towing,822 Halekauwila St,Honolulu,HI,96813,1 808-554-0404,https://www.expresstowinghonolulu.com/,5,22,"[""8AM-10PM""]","[""8AM-10PM""]","[""8AM-10PM""]","[""8AM-10PM""]","[""8AM-10PM""]","[""8AM-10PM""]","[""8AM-10PM""]",21.2982364,-157.8564895
Pacific Island Towing LLC,21 Kalanianaole St,Hilo,HI,96720,1 808-339-0083,,5,133,"[""Open 24 hours""]","[""Open 24 hours""]","[""Open 24 hours""]","[""Open 24 hours""]","[""Open 24 hours""]","[""Open 24 hours""]","[""Open 24 hours""]",19.7234368,-155.0635859
Tow Guys 808-885-4133,64-5223 Kauakea St,Waimea,HI,96743,1 808-885-4133,https://g.page/r/Cfyy-9a53HHMEB0/review,4.8,37,"[""Open 24 hours""]","[""Open 24 hours""]","[""Open 24 hours""]","[""Open 24 hours""]","[""Open 24 hours""]","[""Open 24 hours""]","[""Open 24 hours""]",20.04022,-155.616201
Maui Island Towing by Kihei Auto Sales,"177 Hale Kuai Street 81 Alae Street Kahului HI 96762, 177 Hale Kuai St",Kihei,HI,96753,1 808-280-4234,,4.9,47,"[""Open 24 hours""]","[""Open 24 hours""]","[""Open 24 hours""]","[""Open 24 hours""]","[""Open 24 hours""]","[""Open 24 hours""]","[""Open 24 hours""]",20.7453938,-156.4495402
Mac Towing LLC,74-4925 Queen Ka'ahumanu Hwy,Kailua-Kona,HI,96740,1 808-238-4863,,5,163,"[""Open 24 hours""]","[""Open 24 hours""]","[""Open 24 hours""]","[""Open 24 hours""]","[""Open 24 hours""]","[""Open 24 hours""]","[""Open 24 hours""]",19.6830595,-156.0164403
Idaho State Towing and Recovery,3705 Arthur St,Caldwell,ID,83605,1 208-467-2405,https://idahostatetowingnow.com/%3Futm_source%3Domg-gbp%26utm_medium%3Dwebclick,4.6,95,"[""Open 24 hours""]","[""Open 24 hours""]","[""Open 24 hours""]","[""Open 24 hours""]","[""Open 24 hours""]","[""Open 24 hours""]","[""Open 24 hours""]",43.6446914,-116.6560459
ACT Towing and Off-Road Recovery,216 W 39th St,Boise,ID,83714,1 208-375-3121,https://boisetowtruck.com/,4.9,295,"[""Open 24 hours""]","[""Open 24 hours""]","[""Open 24 hours""]","[""Open 24 hours""]","[""Open 24 hours""]","[""Open 24 hours""]","[""Open 24 hours""]",43.6259084,-116.2482845
Eaton Towing Idaho Falls,6160 S Doug Andrus Dr,Idaho Falls,ID,83402,1 208-317-8787,http://www.eatontowing.com/,4.9,280,"[""Open 24 hours""]","[""Open 24 hours""]","[""Open 24 hours""]","[""Open 24 hours""]","[""Open 24 hours""]","[""Open 24 hours""]","[""Open 24 hours""]",43.4425123,-112.1099471
Rocky Mountain Towing,465 Partridge Pl,Boise,ID,83713,1 208-861-2880,http://rockymountaintowingidaho.com/,4.6,116,"[""Open 24 hours""]","[""Open 24 hours""]","[""Open 24 hours""]","[""Open 24 hours""]","[""Open 24 hours""]","[""Open 24 hours""]","[""Open 24 hours""]",43.60893,-116.316359
Diamond S Towing,6399 W Diamond St,Boise,ID,83709,1 208-850-8697,https://www.dstidaho.com/,4.9,553,"[""Open 24 hours""]","[""Open 24 hours""]","[""Open 24 hours""]","[""Open 24 hours""]","[""Open 24 hours""]","[""Open 24 hours""]","[""Open 24 hours""]",43.5671945,-116.2619673
Valley View Towing,3705 Arthur St,Caldwell,ID,83605,1 208-459-9202,,4.5,95,"[""8AM-5PM""]","[""8AM-5PM""]","[""8AM-5PM""]","[""8AM-5PM""]","[""8AM-5PM""]","[""Closed""]","[""Closed""]",43.6446571,-116.6559564
Nesmith Brother’s Towing,505 N Main St Suite B,Meridian,ID,83642,1 208-856-6404,https://nesmithtowing.com/%3Futm_source%3Domg-gbp%26utm_medium%3Dwebclick,4.9,497,"[""Open 24 hours""]","[""Open 24 hours""]","[""Open 24 hours""]","[""Open 24 hours""]","[""Open 24 hours""]","[""Open 24 hours""]","[""Open 24 hours""]",43.6082961,-116.3922928
Prime Towing and Recovery LLC,2101 W Omni Dr,Idaho Falls,ID,83402,1 208-530-2161,https://primetowingidaho.com/%3Futm_source%3Domg-gbp%26utm_medium%3Dwebclick,5,130,"[""Open 24 hours""]","[""Open 24 hours""]","[""Open 24 hours""]","[""Open 24 hours""]","[""Open 24 hours""]","[""Open 24 hours""]","[""Open 24 hours""]",43.44906,-112.0751989
B & W Wrecker Boise,8 S Garden St,Boise,ID,83705,1 208-342-2541,http://www.bwwrecker.com/,4.9,315,"[""Open 24 hours""]","[""Open 24 hours""]","[""Open 24 hours""]","[""Open 24 hours""]","[""Open 24 hours""]","[""Open 24 hours""]","[""Open 24 hours""]",43.6037208,-116.238325
Canyon County Towing,290 1st Ave N,Nampa,ID,83687,1 208-371-3400,https://www.canyoncountytowing.com/%3Futm_source%3Domg-gbp%26utm_medium%3Dwebclick,3.7,233,"[""Open 24 hours""]","[""Open 24 hours""]","[""Open 24 hours""]","[""Open 24 hours""]","[""Open 24 hours""]","[""Open 24 hours""]","[""Open 24 hours""]",43.591972,-116.569358
A1 Towing & Repair,1981 Osterloh Ave,Twin Falls,ID,83301,1 208-734-0473,https://www.facebook.com/a1towingandrepair/,4.4,241,"[""Open 24 hours""]","[""Open 24 hours""]","[""Open 24 hours""]","[""Open 24 hours""]","[""Open 24 hours""]","[""Open 24 hours""]","[""Open 24 hours""]",42.5381454,-114.446319
Boise Valley Towing,6381 Supply Way,Boise,ID,83716,1 208-389-9707,http://www.boisevalleytowing.com/,4,84,"[""8AM-5PM""]","[""8AM-5PM""]","[""8AM-5PM""]","[""8AM-5PM""]","[""8AM-5PM""]","[""8AM-5PM""]","[""8AM-5PM""]",43.5444756,-116.1831129
Stallings Towing Idaho Falls,3409 N 15th E Suite A,Idaho Falls,ID,83401,1 208-269-0168,https://stallingstowing.com/,4.9,79,"[""Open 24 hours""]","[""Open 24 hours""]","[""Open 24 hours""]","[""Open 24 hours""]","[""Open 24 hours""]","[""Open 24 hours""]","[""Open 24 hours""]",43.5269454,-112.0041383
QuickTow & Recovery,3913 Summit Ln,Nampa,ID,83687,1 208-473-6764,https://www.quicktow.us/,4.8,90,"[""Open 24 hours""]","[""Open 24 hours""]","[""Open 24 hours""]","[""Open 24 hours""]","[""Open 24 hours""]","[""Open 24 hours""]","[""Open 24 hours""]",43.590776,-116.5225274
Eaton Towing Boise,2812 S Orchard St,Boise,ID,83705,1 208-520-5486,http://www.eatontowing.com/,5,51,"[""Open 24 hours""]","[""Open 24 hours""]","[""Open 24 hours""]","[""Open 24 hours""]","[""Open 24 hours""]","[""Open 24 hours""]","[""Open 24 hours""]",43.5768103,-116.243262
Mustang Towing LLC,22 Hanson Dr,Horseshoe Bend,ID,83629,1 208-793-3333,https://mustangtowingtireandservice.com/%3Futm_source%3Domg-gbp%26utm_medium%3Dwebclick%23contact,4.6,102,"[""Open 24 hours""]","[""Open 24 hours""]","[""Open 24 hours""]","[""Open 24 hours""]","[""Open 24 hours""]","[""Open 24 hours""]","[""Open 24 hours""]",43.9268317,-116.1901824
East Idaho Towing,187 Laurel Dr,Chubbuck,ID,83202,1 208-757-6585,,5,42,"[""Open 24 hours""]","[""Open 24 hours""]","[""Open 24 hours""]","[""Open 24 hours""]","[""Open 24 hours""]","[""Open 24 hours""]","[""Open 24 hours""]",42.9253443,-112.465197
Abyss Towing,2668 S Cole Rd,Boise,ID,83709,1 208-288-0471,http://www.abysstowing.com/,3.3,188,"[""8:30-11:30AM"",""12:30-5:30PM""]","[""8:30-11:30AM"",""12:30-5:30PM""]","[""8:30-11:30AM"",""12:30-5:30PM""]","[""8:30-11:30AM"",""12:30-5:30PM""]","[""8:30-11:30AM"",""12:30-5:30PM""]","[""Closed""]","[""Closed""]",43.5785589,-116.273573
Marky's Super Tow,1431 Kimberly Rd,Twin Falls,ID,83301,1 208-734-1869,https://markysauto.com/%3Futm_source%3Domg-gbp%26utm_medium%3Dwebclick,4.6,339,"[""Open 24 hours""]","[""Open 24 hours""]","[""Open 24 hours""]","[""Open 24 hours""]","[""Open 24 hours""]","[""Open 24 hours""]","[""Open 24 hours""]",42.5489193,-114.4556924
Dynamic Towing,3430 E Leihm Ln,Idaho Falls,ID,83401,1 208-403-4164,,4.7,150,"[""Open 24 hours""]","[""Open 24 hours""]","[""Open 24 hours""]","[""Open 24 hours""]","[""Open 24 hours""]","[""Open 24 hours""]","[""Open 24 hours""]",43.5151981,-111.9657086
Joe's Towing & Recovery,2233 Springfield Rd,Bloomington,IL,61701,1 309-829-2123,http://www.joes-towing.com/,4.5,1743,"[""Open 24 hours""]","[""Open 24 hours""]","[""Open 24 hours""]","[""Open 24 hours""]","[""Open 24 hours""]","[""Open 24 hours""]","[""Open 24 hours""]",40.4562385,-89.0096578
Tom's 24 Hour Towing Services,111 Mc Creery Ave,Springfield,IL,62703,1 217-522-5880,https://toms24hourtowingservice.com/,4.4,160,"[""Open 24 hours""]","[""Open 24 hours""]","[""Open 24 hours""]","[""Open 24 hours""]","[""Open 24 hours""]","[""Open 24 hours""]","[""Open 24 hours""]",39.800672,-89.6275931
Angelo's Towing and Recovery,633 W Monroe St,Belleville,IL,62220,1 618-416-1461,https://www.angelotowingandrecovery.com/,4.9,294,"[""Open 24 hours""]","[""Open 24 hours""]","[""Open 24 hours""]","[""Open 24 hours""]","[""Open 24 hours""]","[""Open 24 hours""]","[""Open 24 hours""]",38.5099283,-89.994675
Chicago 24 Hour Towing,5332 N Elston Ave #1,Chicago,IL,60630,1 773-681-9670,http://www.towingchicago.com/,4.7,543,"[""Open 24 hours""]","[""Open 24 hours""]","[""Open 24 hours""]","[""Open 24 hours""]","[""Open 24 hours""]","[""Open 24 hours""]","[""Open 24 hours""]",41.978012,-87.7567972
Left Lane Towing Inc.,,,,,1 773-531-1587,https://www.lltow.com/,5,155,"[""Open 24 hours""]","[""Open 24 hours""]","[""Open 24 hours""]","[""Open 24 hours""]","[""Open 24 hours""]","[""Open 24 hours""]","[""Open 24 hours""]",41.7741695,-87.731879
Gruas en Illinois Towing,,,,,1 630-776-2873,https://gruasyyonkesenillinois.com/,4.6,79,"[""5AM-9PM""]","[""5AM-9PM""]","[""5AM-9PM""]","[""5AM-9PM""]","[""5AM-9PM""]","[""5AM-9PM""]","[""Closed""]",41.9193854,-88.072608
Illinois Valley Towing,310 S Olive St,Peoria,IL,61602,1 309-674-8697,https://674tows.com/,4.1,65,"[""9AM-4PM""]","[""9AM-4PM""]","[""9AM-4PM""]","[""9AM-4PM""]","[""9AM-4PM""]","[""Closed""]","[""Closed""]",40.6784071,-89.6112265
A&M Towing & Recovery LLC,,,,,1 708-215-0117,https://www.aandmtowing.net/,5,188,"[""7AM-9PM""]","[""7AM-9PM""]","[""7AM-9PM""]","[""7AM-9PM""]","[""7AM-9PM""]","[""8AM-6PM""]","[""8AM-6PM""]",41.519211,-87.79777
Mulligan's 24 Hr Towing Service,2403 S Grand Ave E,Springfield,IL,62703,1 217-523-5467,,3.8,139,"[""Open 24 hours""]","[""Open 24 hours""]","[""Open 24 hours""]","[""Open 24 hours""]","[""Open 24 hours""]","[""Open 24 hours""]","[""Open 24 hours""]",39.7877422,-89.6216373
Dark Angel Towing & Recovery Inc.,1025 N Pulaski Rd,Chicago,IL,60651,1 773-803-9688,http://darkangeltowingchicago.com/,3.9,379,"[""12-4AM"",""8AM-4AM""]","[""8AM-4AM""]","[""8AM-4AM""]","[""8AM-12AM""]","[""Open 24 hours""]","[""Open 24 hours""]","[""Open 24 hours""]",41.8999407,-87.7258644
GIBSON TOWING & RECOVERY BUYING OF JUNK VEHICLES,2041 US-34,Leland,IL,60531,1 815-651-9436,http://gibsontow.com/,4.9,222,"[""Open 24 hours""]","[""Open 24 hours""]","[""Open 24 hours""]","[""Open 24 hours""]","[""Open 24 hours""]","[""Open 24 hours""]","[""Open 24 hours""]",41.5981078,-88.7829266
Winks Towing,1902 W Market St,Bloomington,IL,61701,1 309-828-7812,https://winkstowing.com/,4.9,366,"[""Open 24 hours""]","[""Open 24 hours""]","[""Open 24 hours""]","[""Open 24 hours""]","[""Open 24 hours""]","[""Open 24 hours""]","[""Open 24 hours""]",40.4834761,-89.0224688
Illinois Central Towing,5 Legacy Dr Building #2,Goodfield,IL,61742,1 309-226-5000,,5,8,"[""Open 24 hours""]","[""Open 24 hours""]","[""Open 24 hours""]","[""Open 24 hours""]","[""Open 24 hours""]","[""Open 24 hours""]","[""Open 24 hours""]",40.6206784,-89.2774102
E&R Towing,16325 Crawford Ave,Markham,IL,60428,1 708-333-7300,https://ertowing.com/%3Futm_campaign%3Dcorporate_branding%26utm_source%3Dgoogle%26utm_medium%3Dorganic,3.5,650,"[""Open 24 hours""]","[""Open 24 hours""]","[""Open 24 hours""]","[""Open 24 hours""]","[""Open 24 hours""]","[""Open 24 hours""]","[""Open 24 hours""]",41.5921169,-87.7133825
Dependable Towing & Recovery,2006 S Griswold St,Peoria,IL,61605,1 309-676-5611,https://www.towwithdependable.com/,4.3,49,"[""Open 24 hours""]","[""Open 24 hours""]","[""Open 24 hours""]","[""Open 24 hours""]","[""Open 24 hours""]","[""Open 24 hours""]","[""Open 24 hours""]",40.6656005,-89.6326199
North Shore Towing & Semi Truck Heavy Wrecker,2527 Oakton St,Evanston,IL,60202,1 847-864-2828,https://northshoretowinginc.com/,4.5,1822,"[""Open 24 hours""]","[""Open 24 hours""]","[""Open 24 hours""]","[""Open 24 hours""]","[""Open 24 hours""]","[""Open 24 hours""]","[""Open 24 hours""]",42.0289158,-87.7086264
"West & Sons Towing, Inc.",1821 W Fullerton Ave,Addison,IL,60101,1 630-627-4466,http://westandsonstow.com/,4.5,246,"[""Open 24 hours""]","[""Open 24 hours""]","[""Open 24 hours""]","[""Open 24 hours""]","[""Open 24 hours""]","[""Open 24 hours""]","[""Open 24 hours""]",41.9185807,-88.035325
Indy Towing Service Inc,3350 Sutherland Ave,Indianapolis,IN,46218,1 317-926-2335,http://www.protowindy.net/,1.8,593,"[""Open 24 hours""]","[""Open 24 hours""]","[""Open 24 hours""]","[""Open 24 hours""]","[""Open 24 hours""]","[""Open 24 hours""]","[""Open 24 hours""]",39.8182328,-86.1368514
Indiana's Finest Towing (Indianapolis),7576 W Washington St,Indianapolis,IN,46231,1 317-244-8697,http://www.indytows.com/,2,317,"[""8AM-12AM""]","[""8AM-12AM""]","[""8AM-12AM""]","[""8AM-12AM""]","[""8AM-12AM""]","[""8AM-12AM""]","[""8AM-12AM""]",39.7402381,-86.2930068
Ward's Towing LLC.,7035 Brookville Rd,Indianapolis,IN,46239,1 317-451-4229,https://wardstowingllc.com/%3Futm_source%3Domg-gbp%26utm_medium%3Dwebclick,4.9,2544,"[""Open 24 hours""]","[""Open 24 hours""]","[""Open 24 hours""]","[""Open 24 hours""]","[""Open 24 hours""]","[""Open 24 hours""]","[""Open 24 hours""]",39.7534785,-86.0464007
Superior Towing Inc.,3401 E Vermont St,Indianapolis,IN,46201,1 317-698-0358,https://superiortowinginc.com/%3Futm_source%3Domg-gbp%26utm_medium%3Dwebclick,4.6,370,"[""7AM-7PM""]","[""7AM-7PM""]","[""7AM-7PM""]","[""7AM-7PM""]","[""7AM-7PM""]","[""8AM-5PM""]","[""Closed""]",39.7726538,-86.1079341
Guerrero Towing,2922 Merchants Dr,Indianapolis,IN,46222,1 317-701-7448,http://www.guerrerotowing.com/,4.8,719,"[""Open 24 hours""]","[""Open 24 hours""]","[""Open 24 hours""]","[""Open 24 hours""]","[""Open 24 hours""]","[""Open 24 hours""]","[""Open 24 hours""]",39.8089125,-86.222829
Yaffo Towing Indy,3653 Lafayette Rd,Indianapolis,IN,46222,1 317-620-7777,https://yaffotowing.com/indianapolis/,4.7,5954,"[""Open 24 hours""]","[""Open 24 hours""]","[""Open 24 hours""]","[""Open 24 hours""]","[""Open 24 hours""]","[""Open 24 hours""]","[""Open 24 hours""]",39.8218255,-86.2313917
"Hook""EM"" Up TOWING & Roadside LLC",3409 S Harding St,Indianapolis,IN,46217,1 317-646-8208,https://indyhookemuptowing.com/,4.9,311,"[""Open 24 hours""]","[""Open 24 hours""]","[""Open 24 hours""]","[""Open 24 hours""]","[""Open 24 hours""]","[""Open 24 hours""]","[""Open 24 hours""]",39.7161489,-86.1867217
Indiana Towing,3805 Franklin St,Michigan City,IN,46360,1 219-714-4500,https://towindiana.com/%3Futm_source%3Domg-gbp%26utm_medium%3Dwebclick,4.9,58,"[""8AM-6PM""]","[""8AM-6PM""]","[""8AM-6PM""]","[""8AM-6PM""]","[""8AM-6PM""]","[""Closed""]","[""Closed""]",41.6849576,-86.8946614
JR's Services And Recovery LLC,2334 S California St,Indianapolis,IN,46225,1 317-629-5646,https://jrstowingservice.com/,4.2,289,"[""Open 24 hours""]","[""Open 24 hours""]","[""Open 24 hours""]","[""Open 24 hours""]","[""Open 24 hours""]","[""Open 24 hours""]","[""Open 24 hours""]",39.7342262,-86.1695251
Johnson's Towing Service,1001 E 30th St,Indianapolis,IN,46205,1 317-923-7563,https://www.indianapolisautosalvage.com/,4.2,59,"[""Open 24 hours""]","[""Open 24 hours""]","[""Open 24 hours""]","[""Open 24 hours""]","[""Open 24 hours""]","[""Open 24 hours""]","[""Open 24 hours""]",39.810533,-86.139376
Cook's Towing Service Inc,1439 S Holt Rd,Indianapolis,IN,46241,1 317-241-9443,http://www.cookstowing.com/,3.7,125,"[""Open 24 hours""]","[""Open 24 hours""]","[""Open 24 hours""]","[""Open 24 hours""]","[""Open 24 hours""]","[""Open 24 hours""]","[""Open 24 hours""]",39.7456726,-86.2247318
"Steve's Towing, Inc",4300 S Meridian St Suite B,Indianapolis,IN,46217,1 317-783-0372,http://stevestowinginc.com/,4.9,88,"[""7AM-6PM""]","[""7AM-6PM""]","[""7AM-6PM""]","[""7AM-6PM""]","[""7AM-6PM""]","[""8AM-3PM""]","[""Closed""]",39.7029303,-86.1588485
Indiana Recovery Services,22265 US-31,Cicero,IN,46034,1 317-606-8187,http://www.indianarecoveryservices.net/,3.4,193,"[""10:30AM-4:30PM""]","[""10:30AM-4:30PM""]","[""10:30AM-4:30PM""]","[""10:30AM-4:30PM""]","[""10:30AM-4:30PM""]","[""Closed""]","[""Closed""]",40.1113319,-86.1271133
Chuckles Rescue & Towing- Medium and Heavy Duty Towing Indianapolis| Heavy Wrecker Service,3901 W 86th St Suite 360,Indianapolis,IN,46268,1 317-721-9558,http://chucklesrescue.com/,4.7,175,"[""Open 24 hours""]","[""Open 24 hours""]","[""Open 24 hours""]","[""Open 24 hours""]","[""Open 24 hours""]","[""Open 24 hours""]","[""3PM-12AM""]",39.9109121,-86.2274421
Garza Towing LLC,1648 Lutherwood Dr,Indianapolis,IN,46219,1 317-927-5144,https://www.facebook.com/garzatowingllc/,4.5,71,"[""Open 24 hours""]","[""Open 24 hours""]","[""Open 24 hours""]","[""Open 24 hours""]","[""Open 24 hours""]","[""Open 24 hours""]","[""Open 24 hours""]",39.7907892,-86.0103604
Doug's Wrecker Service,2551 Emerson Acc,Indianapolis,IN,46218,1 317-446-0427,,4.6,95,"[""Open 24 hours""]","[""Open 24 hours""]","[""Open 24 hours""]","[""Open 24 hours""]","[""Open 24 hours""]","[""Open 24 hours""]","[""Open 24 hours""]",39.8045268,-86.0807468
Fishers Towing Service,8280 E 216th St,Cicero,IN,46034,1 317-774-9943,http://fisherstowing.com/%3Futm_source%3Domg-gbp%26utm_medium%3Dwebclick,3.6,53,"[""Open 24 hours""]","[""Open 24 hours""]","[""Open 24 hours""]","[""Open 24 hours""]","[""Open 24 hours""]","[""Open 24 hours""]","[""Open 24 hours""]",40.1022224,-86.0261306
Northwest Towing & Recovery,1625 E 60th St,Anderson,IN,46013,1 765-643-3333,http://www.northwesttowing.com/,4.2,375,"[""Open 24 hours""]","[""Open 24 hours""]","[""Open 24 hours""]","[""Open 24 hours""]","[""Open 24 hours""]","[""Open 24 hours""]","[""Open 24 hours""]",40.0533128,-85.6580268
White Glove Towing Service Greenwood Tow Truck First And Fastest,1777 US 31 S,Greenwood,IN,46143,1 317-500-5194,http://public.towbook.com/ZOWe,4.6,370,"[""Open 24 hours""]","[""Open 24 hours""]","[""Open 24 hours""]","[""Open 24 hours""]","[""Open 24 hours""]","[""Open 24 hours""]","[""Open 24 hours""]",39.5910173,-86.1002121
Interstate Towing,2460 N Graham Ave,Indianapolis,IN,46218,1 317-359-9611,https://www.interstatetow.com/,4.3,412,"[""Open 24 hours""]","[""Open 24 hours""]","[""Open 24 hours""]","[""Open 24 hours""]","[""Open 24 hours""]","[""Open 24 hours""]","[""Open 24 hours""]",39.8024419,-86.0700565
Central Iowa Towing and Recovery,2560 NE Broadway Ave,Des Moines,IA,50317,1 515-290-4188,https://centraliatowing.com/,4.8,741,"[""Open 24 hours""]","[""Open 24 hours""]","[""Open 24 hours""]","[""Open 24 hours""]","[""Open 24 hours""]","[""Open 24 hours""]","[""Open 24 hours""]",41.6445202,-93.5706478
Joe's Quick Tow,3319 Hwy 1 SW BLDG A,Iowa City,IA,52240,1 319-936-6068,https://joesquicktow.com/,4.9,159,"[""Open 24 hours""]","[""Open 24 hours""]","[""Open 24 hours""]","[""Open 24 hours""]","[""Open 24 hours""]","[""Open 24 hours""]","[""Open 24 hours""]",41.6229143,-91.6075804
Mid-Iowa Towing,109 E 28th St,Des Moines,IA,50317,1 515-265-6195,https://midiowatowing.net/,3.5,132,"[""Open 24 hours""]","[""Open 24 hours""]","[""Open 24 hours""]","[""Open 24 hours""]","[""Open 24 hours""]","[""Open 24 hours""]","[""Open 24 hours""]",41.590324,-93.562522
Legacy Towing & Recovery,,,,,1 928-933-8697,https://legacytow.com/,4.8,93,"[""Open 24 hours""]","[""Open 24 hours""]","[""Open 24 hours""]","[""Open 24 hours""]","[""Open 24 hours""]","[""Open 24 hours""]","[""Open 24 hours""]",35.239571,-110.0071734
Mid-Iowa Towing,1914 Kountry Ln,Fort Dodge,IA,50501,1 515-955-1700,http://www.mid-iowatowing.com/,3.9,184,"[""Open 24 hours""]","[""Open 24 hours""]","[""Open 24 hours""]","[""Open 24 hours""]","[""Open 24 hours""]","[""Open 24 hours""]","[""Open 24 hours""]",42.5140422,-94.2255193
Valley Wide Towing & Recovery,339 W 13th St,Waterloo,IA,50702,1 319-888-3144,https://valleywidetowing.com/%3Futm_source%3Domg-gbp%26utm_medium%3Dwebclick,4.9,404,"[""Open 24 hours""]","[""Open 24 hours""]","[""Open 24 hours""]","[""Open 24 hours""]","[""Open 24 hours""]","[""Open 24 hours""]","[""Open 24 hours""]",42.4874521,-92.3315959
Holiday Wrecker & Crane,1060 Hinkle Dr,Tiffin,IA,52340,1 319-351-9091,,4.5,129,"[""Open 24 hours""]","[""Open 24 hours""]","[""Open 24 hours""]","[""Open 24 hours""]","[""Open 24 hours""]","[""Open 24 hours""]","[""Open 24 hours""]",41.6896077,-91.6671587
Elite Express Towing,1217 Forest Ave,Des Moines,IA,50314,1 515-805-5402,http://eliteexpresstowingservices.com/,4.2,128,"[""Open 24 hours""]","[""Open 24 hours""]","[""Open 24 hours""]","[""Open 24 hours""]","[""Open 24 hours""]","[""Open 24 hours""]","[""Open 24 hours""]",41.604266,-93.6338665
Roy's Towing and Recovery,155 S 13th St,West Des Moines,IA,50265,1 515-225-6088,https://roystowingia.com/,4,271,"[""Open 24 hours""]","[""Open 24 hours""]","[""Open 24 hours""]","[""Open 24 hours""]","[""Open 24 hours""]","[""Open 24 hours""]","[""Open 24 hours""]",41.5683022,-93.7215701
Iowa Falls Towing & Recovery,23727 Co Rd D15,Iowa Falls,IA,50126,1 641-648-6735,,4.8,28,"[""Open 24 hours""]","[""Open 24 hours""]","[""Open 24 hours""]","[""Open 24 hours""]","[""Open 24 hours""]","[""Open 24 hours""]","[""Open 24 hours""]",42.5215846,-93.2279797
Vehicle Towing Company,2901 Douglas Ave Suite 2A,Des Moines,IA,50310,1 515-800-4252,http://www.247desmoinestowing.com/,4.2,67,"[""Open 24 hours""]","[""Open 24 hours""]","[""Open 24 hours""]","[""Open 24 hours""]","[""Open 24 hours""]","[""Open 24 hours""]","[""Open 24 hours""]",41.6297245,-93.6572379
Crow Tow,826 SE 21st St,Des Moines,IA,50317,1 515-276-9869,http://www.515crowtow.com/,2.6,1563,"[""Open 24 hours""]","[""Open 24 hours""]","[""Open 24 hours""]","[""Open 24 hours""]","[""Open 24 hours""]","[""Open 24 hours""]","[""Open 24 hours""]",41.5799389,-93.5810469
Mason's Auto Towing & Recovery,2120 Washington Ave,Iowa Falls,IA,50126,1 641-373-1204,http://www.24hourtowingiowafalls.com/,5,61,"[""Open 24 hours""]","[""Open 24 hours""]","[""Open 24 hours""]","[""Open 24 hours""]","[""Open 24 hours""]","[""Open 24 hours""]","[""Open 24 hours""]",42.519874,-93.283378
Vance 24 Hour Towing,1310 Nn Dr,Marengo,IA,52301,1 319-430-8712,https://www.vance24hrtowing.com/,5,75,"[""Open 24 hours""]","[""Open 24 hours""]","[""Open 24 hours""]","[""Open 24 hours""]","[""Open 24 hours""]","[""Open 24 hours""]","[""Open 24 hours""]",41.8157533,-92.0306381
Doc's Towing & Recovery,219 E 2nd St,Brooklyn,IA,52211,,,3.5,22,"[""Open 24 hours""]","[""Open 24 hours""]","[""Open 24 hours""]","[""Open 24 hours""]","[""Open 24 hours""]","[""Open 24 hours""]","[""Open 24 hours""]",41.7297396,-92.443535
ASAP Towing & Recovery,,,,,1 319-330-1629,https://www.asaptowingrecoveryic.com/,4.8,130,"[""Open 24 hours""]","[""Open 24 hours""]","[""Open 24 hours""]","[""Open 24 hours""]","[""Open 24 hours""]","[""Open 24 hours""]","[""Open 24 hours""]",41.938318,-93.3897729
Diversified Towing & Recovery,119 Spruce St,De Soto,IA,50069,1 641-344-1510,https://diversifiedtowing.com/towing/de-soto-iowa-towing/,4.4,59,"[""Open 24 hours""]","[""Open 24 hours""]","[""Open 24 hours""]","[""Open 24 hours""]","[""Open 24 hours""]","[""Open 24 hours""]","[""Open 24 hours""]",41.53602,-94.0113396
"TEOS TOWING SERVICE & RECOVERY, TRUCK AND TRAILER REPAIR INC.",1950 Garfield Ave,West Liberty,IA,52776,1 563-888-1988,http://www.teostowing.com/,4.1,96,"[""Open 24 hours""]","[""Open 24 hours""]","[""Open 24 hours""]","[""Open 24 hours""]","[""Open 24 hours""]","[""Open 24 hours""]","[""Open 24 hours""]",41.6612994,-91.2486872
Kansas Tow Company,3730 S Broadway,Wichita,KS,67216,1 316-880-8877,http://www.kstowcompany.com/,4.9,629,"[""Open 24 hours""]","[""Open 24 hours""]","[""Open 24 hours""]","[""Open 24 hours""]","[""Open 24 hours""]","[""Open 24 hours""]","[""Open 24 hours""]",37.6273025,-97.3336068
Lazer Tow Service,4100 Main St,Grandview,MO,64030,1 816-763-2112,http://www.lazertow.com/,4.9,8131,"[""Open 24 hours""]","[""Open 24 hours""]","[""Open 24 hours""]","[""Open 24 hours""]","[""Open 24 hours""]","[""Open 24 hours""]","[""Open 24 hours""]",38.8903264,-94.5445061
"J&S Tow Service, LLC","68th, Cleveland Ave",Kansas City,MO,64132,1 816-469-0493,,4.9,32,"[""Open 24 hours""]","[""Open 24 hours""]","[""Open 24 hours""]","[""Open 24 hours""]","[""Open 24 hours""]","[""Open 24 hours""]","[""Open 24 hours""]",38.9999276,-94.5426829
Eazy’s Wrecker Service,1811 Fair Ln,Manhattan,KS,66502,1 785-706-1111,https://eazyswrecker.com/,5,285,"[""Open 24 hours""]","[""Open 24 hours""]","[""Open 24 hours""]","[""Open 24 hours""]","[""Open 24 hours""]","[""Open 24 hours""]","[""Closed""]",39.1740487,-96.5857589
Ken's Auto Tow,3760 S Broadway,Wichita,KS,67216,1 316-235-3080,http://kensautotowing.com/,4.2,225,"[""Open 24 hours""]","[""Open 24 hours""]","[""Open 24 hours""]","[""Open 24 hours""]","[""Open 24 hours""]","[""Open 24 hours""]","[""Open 24 hours""]",37.6265425,-97.3336389
J & K Towing,905 S Kansas Ave,Olathe,KS,66061,1 913-906-8090,https://jktowingkc.com/,4.8,770,"[""Open 24 hours""]","[""Open 24 hours""]","[""Open 24 hours""]","[""Open 24 hours""]","[""Open 24 hours""]","[""Open 24 hours""]","[""Open 24 hours""]",38.8700782,-94.8210406
Arrow Wrecker Service,2438 S West St,Wichita,KS,67217,1 316-522-8156,https://arrowwreckerservices.com/,4.8,921,"[""Open 24 hours""]","[""Open 24 hours""]","[""Open 24 hours""]","[""Open 24 hours""]","[""Open 24 hours""]","[""Open 24 hours""]","[""Open 24 hours""]",37.6500308,-97.3887549
Midwest Tow & Transport,400 Kansas Ave Suite A,Kansas City,KS,66105,1 913-281-1003,https://midwestts.com/,4.4,167,"[""Open 24 hours""]","[""Open 24 hours""]","[""Open 24 hours""]","[""Open 24 hours""]","[""Open 24 hours""]","[""Open 24 hours""]","[""Open 24 hours""]",39.0880545,-94.6208793
Sunflower Tow Service,452 S 26th St,Kansas City,KS,66105,1 913-777-9300,http://www.sunflowertowservice.com/,3.9,165,"[""Open 24 hours""]","[""Open 24 hours""]","[""Open 24 hours""]","[""Open 24 hours""]","[""Open 24 hours""]","[""Open 24 hours""]","[""Open 24 hours""]",39.092334,-94.6594183
Arrow Wrecker Service,201 S Haverhill Rd,El Dorado,KS,67042,1 316-600-5041,https://arrowwreckerservices.com/,4.9,91,"[""Open 24 hours""]","[""Open 24 hours""]","[""Open 24 hours""]","[""Open 24 hours""]","[""Open 24 hours""]","[""Open 24 hours""]","[""Open 24 hours""]",37.8161664,-96.8811353
Kidd's Towing,4839 Merriam Dr,Overland Park,KS,66203,1 913-596-8697,https://kiddstowing.com/%3Futm_source%3Domg-gbp%26utm_medium%3Dwebclick,4.6,1816,"[""Open 24 hours""]","[""Open 24 hours""]","[""Open 24 hours""]","[""Open 24 hours""]","[""Open 24 hours""]","[""Open 24 hours""]","[""Open 24 hours""]",39.0395248,-94.6846549
Salina Wrecker Service Inc,850 E North St,Salina,KS,67401,1 785-827-8316,https://www.facebook.com/SalinaWreckerINC/,4.9,257,"[""Open 24 hours""]","[""Open 24 hours""]","[""Open 24 hours""]","[""Open 24 hours""]","[""Open 24 hours""]","[""Open 24 hours""]","[""Open 24 hours""]",38.8486214,-97.5985272
"Santa Fe Tow Service - Cars, Heavy Duty & Semi Truck Towing",9125 Rosehill Rd,Lenexa,KS,66215,1 913-894-5201,https://santafetowservice.com/,4.9,3171,"[""Open 24 hours""]","[""Open 24 hours""]","[""Open 24 hours""]","[""Open 24 hours""]","[""Open 24 hours""]","[""Open 24 hours""]","[""Open 24 hours""]",38.96287,-94.732374
Wichita Towing & Auto Recovery,4055 S Broadway,Wichita,KS,67216,1 316-358-0400,http://wichita-towing.com/,4.3,184,"[""Open 24 hours""]","[""Open 24 hours""]","[""Open 24 hours""]","[""Open 24 hours""]","[""Open 24 hours""]","[""Open 24 hours""]","[""Open 24 hours""]",37.6209534,-97.334873
EW Tow Service,1612 Crystal Ave,Kansas City,MO,64126,1 816-572-2494,http://ewtowservice.com/,4.1,97,"[""Open 24 hours""]","[""Open 24 hours""]","[""Open 24 hours""]","[""Open 24 hours""]","[""Open 24 hours""]","[""Open 24 hours""]","[""Open 24 hours""]",39.091796,-94.4978271
Santa Fe Towing Service - Tow Truck Kansas City,2663 S 88th St,Kansas City,KS,66111,1 913-894-2568,https://santafetowservice.com/,4.9,1036,"[""Open 24 hours""]","[""Open 24 hours""]","[""Open 24 hours""]","[""Open 24 hours""]","[""Open 24 hours""]","[""Open 24 hours""]","[""Open 24 hours""]",39.0533041,-94.7821649
Kidd's Towing,4740 Esthner St,Wichita,KS,67209,1 913-361-5808,https://kiddstowing.com/%3Futm_source%3Domg-gbp%26utm_medium%3Dwebclick,4.8,5500,"[""8AM-6PM""]","[""8AM-6PM""]","[""8AM-6PM""]","[""8AM-6PM""]","[""8AM-6PM""]","[""8AM-12PM""]","[""Closed""]",37.6623772,-97.3980284
Marvins Tow Service,20160 W 191st St,Spring Hill,KS,66083,1 913-764-7630,https://www.facebook.com/p/Marvins-Tow-Service-Inc-100063695435264/,5,15,"[""Open 24 hours""]","[""Open 24 hours""]","[""Open 24 hours""]","[""Open 24 hours""]","[""Open 24 hours""]","[""Open 24 hours""]","[""Open 24 hours""]",38.78233,-94.817347
Affordable Towing and Auto Sales,1382 Pillsbury Dr,Manhattan,KS,66502,1 785-477-3460,https://affordabletowingkansas.net/,4.5,315,"[""Open 24 hours""]","[""Open 24 hours""]","[""Open 24 hours""]","[""Open 24 hours""]","[""Open 24 hours""]","[""Open 24 hours""]","[""Open 24 hours""]",39.1705082,-96.5442219
Bluegrass Towing,757 E 7th St,Lexington,KY,40505,1 859-233-9711,http://www.bluegrasstowing.com/,2.5,454,"[""Open 24 hours""]","[""Open 24 hours""]","[""Open 24 hours""]","[""Open 24 hours""]","[""Open 24 hours""]","[""Open 24 hours""]","[""Open 24 hours""]",38.0456311,-84.471412
Kentucky Auto Service & Towing,520 Ash St,Elsmere,KY,41018,1 859-727-4345,http://kentuckyautoservice.net/,4,544,"[""8AM-5:30PM""]","[""8AM-5:30PM""]","[""8AM-5:30PM""]","[""8AM-5:30PM""]","[""8AM-5:30PM""]","[""Closed""]","[""Closed""]",39.009156,-84.603156
Non-Stop Towing & Recovery,100 Glass Ave,Lexington,KY,40505,1 859-684-2777,,5,264,"[""8AM-8PM""]","[""8AM-8PM""]","[""8AM-8PM""]","[""8AM-8PM""]","[""8AM-8PM""]","[""Closed""]","[""Closed""]",38.0388851,-84.4584602
Roberts Heavy Duty Towing,757 E 7th St,Lexington,KY,40505,1 859-294-5566,https://robertsheavydutytowing.com/,3.9,705,"[""Open 24 hours""]","[""Open 24 hours""]","[""Open 24 hours""]","[""Open 24 hours""]","[""Open 24 hours""]","[""Open 24 hours""]","[""Open 24 hours""]",38.046594,-84.470885
JADE TOWING AND RECOVERY LLC.,1610 E Main St,Richmond,KY,40475,1 888-985-5233,http://www.jadeky.com/,4.8,87,"[""Open 24 hours""]","[""Open 24 hours""]","[""Open 24 hours""]","[""Open 24 hours""]","[""Open 24 hours""]","[""Open 24 hours""]","[""Open 24 hours""]",37.7411567,-84.2763934
CTS Towing & Repair,1172 Finney Dr,Lexington,KY,40511,1 859-278-9999,https://www.facebook.com/profile.php%3Fid%3D61570116973561,4.2,362,"[""7AM-12AM""]","[""7AM-12AM""]","[""7AM-12AM""]","[""7AM-12AM""]","[""7AM-12AM""]","[""9AM-12AM""]","[""9AM-12AM""]",38.0746803,-84.501267
METRO TOWING LLC,855 Angliana Ave,Lexington,KY,40508,1 859-255-4395,https://metrotowingky.com/,2.7,450,"[""Open 24 hours""]","[""Open 24 hours""]","[""Open 24 hours""]","[""Open 24 hours""]","[""Open 24 hours""]","[""Open 24 hours""]","[""Open 24 hours""]",38.0489105,-84.5149225
JJ Towing&Recover LLC,2145 Donaldson Ave,Covington,KY,41014,1 859-640-9936,http://www.facebook.com/JJTOWINGRECOVERY,4,72,"[""Open 24 hours""]","[""Open 24 hours""]","[""Open 24 hours""]","[""Open 24 hours""]","[""Open 24 hours""]","[""Open 24 hours""]","[""Open 24 hours""]",39.0641479,-84.5056381
Lex Tow Towing,104 Brown Ave,Lexington,KY,40505,1 859-368-2284,https://sites.google.com/view/lex-tow,4.7,130,"[""8AM-2AM""]","[""8AM-2AM""]","[""8AM-2AM""]","[""8AM-2AM""]","[""8AM-2AM""]","[""8AM-2AM""]","[""12PM-2AM""]",38.0419002,-84.4608933
TJ’s Towing & A-1 Auto Service,1315 N Main St,London,KY,40741,1 606-878-0406,http://www.fb.me/TJsTowingRecovery,4.1,90,"[""Open 24 hours""]","[""Open 24 hours""]","[""Open 24 hours""]","[""Open 24 hours""]","[""Open 24 hours""]","[""Open 24 hours""]","[""Open 24 hours""]",37.1354894,-84.0946963
Mosbys Towing & Transport LLC,3119 Dixie Hwy,Louisville,KY,40216,1 502-447-1234,http://mosbystowing.com/,3.7,505,"[""Open 24 hours""]","[""Open 24 hours""]","[""Open 24 hours""]","[""Open 24 hours""]","[""Open 24 hours""]","[""Open 24 hours""]","[""Open 24 hours""]",38.204317,-85.7989149
Advantage Towing & Recovery,4534 Poplar Level Rd,Louisville,KY,40213,1 502-749-2233,https://www.advantagetowinglouisville.com/,4.9,1520,"[""7AM-12AM""]","[""7AM-12AM""]","[""7AM-12AM""]","[""7AM-12AM""]","[""7AM-12AM""]","[""7AM-12AM""]","[""7AM-12AM""]",38.1855848,-85.7018786
Cummings Towing & Recovery,6541 KY-227,Worthville,KY,41098,1 502-732-9169,http://cummingstowing.com/,4.8,293,"[""Open 24 hours""]","[""Open 24 hours""]","[""Open 24 hours""]","[""Open 24 hours""]","[""Open 24 hours""]","[""Open 24 hours""]","[""Open 24 hours""]",38.614479,-85.0837478
Classic Towing,611 S Keeneland Dr,Richmond,KY,40475,1 859-448-5111,https://www.facebook.com/classictowingky/,4.6,141,"[""Open 24 hours""]","[""Open 24 hours""]","[""Open 24 hours""]","[""Open 24 hours""]","[""Open 24 hours""]","[""Open 24 hours""]","[""Open 24 hours""]",37.7666229,-84.3183332
U S Towing & Recovery,4914 Poplar Level Rd,Louisville,KY,40219,1 502-804-8284,https://www.facebook.com/USTowingRecovery/,4.5,183,"[""Open 24 hours""]","[""Open 24 hours""]","[""Open 24 hours""]","[""Open 24 hours""]","[""Open 24 hours""]","[""Open 24 hours""]","[""Open 24 hours""]",38.169572,-85.6842313
ProTow & Recovery LLC,556 Waco Loop Rd,Bybee,KY,40385,1 859-661-3413,,4.3,212,"[""Open 24 hours""]","[""Open 24 hours""]","[""Open 24 hours""]","[""Open 24 hours""]","[""Open 24 hours""]","[""Open 24 hours""]","[""Open 24 hours""]",37.7349369,-84.1259087
Leo's Towing & Recovery,715 S Jackson St,Louisville,KY,40203,1 502-727-9503,,4.6,92,"[""6AM-6PM""]","[""6AM-2AM""]","[""6AM-2AM""]","[""6AM-2AM""]","[""6AM-2AM""]","[""6AM-2AM""]","[""6AM-2AM""]",38.244224,-85.745479
Finley's Towing and Recovery,507 Cherry Blossom Way,Georgetown,KY,40324,1 502-863-7759,https://finleystowingandrecovery.com/,4.9,140,"[""Open 24 hours""]","[""Open 24 hours""]","[""Open 24 hours""]","[""Open 24 hours""]","[""Open 24 hours""]","[""Open 24 hours""]","[""Open 24 hours""]",38.273134,-84.550843
Top Notch Towing,124 Rainbow Dr,Nicholasville,KY,40356,1 859-350-4665,,5,151,"[""9AM-8PM""]","[""9AM-8PM""]","[""9AM-8PM""]","[""9AM-8PM""]","[""9AM-8PM""]","[""9AM-8PM""]","[""Closed""]",37.898741,-84.5753763
ThoroughTruck Towing And Heavy Truck Repair,8725 N Wilderness Rd,Mt Vernon,KY,40456,1 606-256-4099,,4.8,403,"[""Open 24 hours""]","[""Open 24 hours""]","[""Open 24 hours""]","[""Open 24 hours""]","[""Open 24 hours""]","[""Open 24 hours""]","[""Open 24 hours""]",37.4683249,-84.333695
Louisiana Towing,1132 US-190,Port Allen,LA,70767,1 225-618-5782,https://louisianatowingandrecovery.com/,4.5,271,"[""Open 24 hours""]","[""Open 24 hours""]","[""Open 24 hours""]","[""Open 24 hours""]","[""Open 24 hours""]","[""Open 24 hours""]","[""Open 24 hours""]",30.5065643,-91.2165358
Glenn's Towing & Recovery Inc,311 Des Jacques Rd,Lafayette,LA,70506,1 337-989-0510,https://glennstowingservice.com/%3Futm_source%3Domg-gbp%26utm_medium%3Dwebclick,3.9,75,"[""Open 24 hours""]","[""Open 24 hours""]","[""Open 24 hours""]","[""Open 24 hours""]","[""Open 24 hours""]","[""Open 24 hours""]","[""Open 24 hours""]",30.225332,-92.0792463
Allison's 24 Hour Towing Services,805 E Whatley Rd,Oakdale,LA,71463,1 318-215-8172,,4.3,23,"[""Open 24 hours""]","[""Open 24 hours""]","[""Open 24 hours""]","[""Open 24 hours""]","[""Open 24 hours""]","[""Open 24 hours""]","[""Open 24 hours""]",30.8320549,-92.6514914
"Hayes Towing & Recovery LLC - Local Towing Roadside Service, Roadside Tire Change",6625 Village St,Baton Rouge,LA,70807,1 225-610-8525,,4.9,686,"[""Open 24 hours""]","[""Open 24 hours""]","[""Open 24 hours""]","[""Open 24 hours""]","[""Open 24 hours""]","[""Open 24 hours""]","[""Open 24 hours""]",30.5103604,-91.1608114
Gaines Wrecker Service,12330 Louisiana Ave,Roseland,LA,70456,1 985-748-4301,,3.7,15,,,,,,,,30.7643437,-90.5224963
Gary's Towing Service,424 Industrial Pkwy,Lafayette,LA,70508,1 337-237-3900,http://garystowingservice.com/,3.9,71,"[""Open 24 hours""]","[""Open 24 hours""]","[""Open 24 hours""]","[""Open 24 hours""]","[""Open 24 hours""]","[""Open 24 hours""]","[""Open 24 hours""]",30.1825843,-91.9982405
Louisiana Towing Systems,9293 Airport Rd,New Roads,LA,70760,1 225-278-7979,https://ltswin.com/,,,"[""8AM-5PM""]","[""8AM-5PM""]","[""8AM-5PM""]","[""8AM-5PM""]","[""8AM-5PM""]","[""Closed""]","[""Closed""]",30.728918,-91.480346
"James Alleman Towing, LLC",423 E Mills Ave,Breaux Bridge,LA,70517,1 337-332-3004,https://www.facebook.com/James-Alleman-Towing-LLC-108210375873254/%3Fref%3Daymt_homepage_panel,4.7,32,"[""Open 24 hours""]","[""Open 24 hours""]","[""Open 24 hours""]","[""Open 24 hours""]","[""Open 24 hours""]","[""Open 24 hours""]","[""Open 24 hours""]",30.2822673,-91.9101675
Rick's Towing & Recovery,3436 W Pinhook Rd,Lafayette,LA,70508,1 337-233-7425,https://rickstowing.com/,3.7,102,"[""Open 24 hours""]","[""Open 24 hours""]","[""Open 24 hours""]","[""Open 24 hours""]","[""Open 24 hours""]","[""Open 24 hours""]","[""Open 24 hours""]",30.1622371,-91.9937362
Roscos Towing Services,2828 W Gloria Switch Rd,Carencro,LA,70520,1 337-896-8797,https://roscostowing.com/,4.8,166,"[""Open 24 hours""]","[""Open 24 hours""]","[""Open 24 hours""]","[""Open 24 hours""]","[""Open 24 hours""]","[""Open 24 hours""]","[""Open 24 hours""]",30.2986946,-92.1058024
D & R Towing and Recovery LLC,958 E Texas Ave,Rayne,LA,70578,1 337-247-3789,,4.7,103,"[""Open 24 hours""]","[""Open 24 hours""]","[""Open 24 hours""]","[""Open 24 hours""]","[""Open 24 hours""]","[""Open 24 hours""]","[""Open 24 hours""]",30.2348231,-92.2585408
Gerald's Towing & Truck Repair,1633 St Mary St,Scott,LA,70583,1 337-235-5263,https://www.geraldstowing.com/,3.7,255,"[""Open 24 hours""]","[""Open 24 hours""]","[""Open 24 hours""]","[""Open 24 hours""]","[""Open 24 hours""]","[""Open 24 hours""]","[""Open 24 hours""]",30.2420825,-92.103827
No Limit Towing,1472 Safe Energy Dr,Port Allen,LA,70767,1 225-238-1116,https://www.nolimittowing.net/,4.6,377,"[""Open 24 hours""]","[""Open 24 hours""]","[""Open 24 hours""]","[""Open 24 hours""]","[""Open 24 hours""]","[""Open 24 hours""]","[""Open 24 hours""]",30.4969047,-91.2220248
Fast Stop Towing LLC,,,,,1 225-421-7542,https://faststoptowing.com/baton-rouge,4.6,655,"[""8AM-7PM""]","[""8AM-7PM""]","[""8AM-7PM""]","[""8AM-7PM""]","[""8AM-7PM""]","[""8AM-7PM""]","[""8AM-7PM""]",30.4993735,-91.380204
William & Sons Auto,,New Roads,LA,70760,1 225-638-6838,,4.7,14,"[""8AM-5:30PM""]","[""8AM-5:30PM""]","[""8AM-5:30PM""]","[""8AM-5:30PM""]","[""8AM-5:30PM""]","[""Closed""]","[""Closed""]",30.7010611,-91.4762664
Westside Towing,545 Equipment Blvd,Port Allen,LA,70767,1 225-445-1275,,3,13,"[""Open 24 hours""]","[""Open 24 hours""]","[""Open 24 hours""]","[""Open 24 hours""]","[""Open 24 hours""]","[""Open 24 hours""]","[""Open 24 hours""]",30.4493982,-91.2663674
Topshelf Towing Inc,1275 Quarter Pole Rd,Rayne,LA,70578,1 337-334-8697,http://www.topshelftowinginc.com/,4.4,18,"[""Open 24 hours""]","[""Open 24 hours""]","[""Open 24 hours""]","[""Open 24 hours""]","[""Open 24 hours""]","[""Open 24 hours""]","[""12-6AM"",""11AM-11:30PM""]",30.2429031,-92.2341602
"Carrolls Towing, Inc.",601 Crestlawn Dr,Lafayette,LA,70503,1 337-237-7639,https://carrollstowing.com/,3.9,24,"[""Open 24 hours""]","[""Open 24 hours""]","[""Open 24 hours""]","[""Open 24 hours""]","[""Open 24 hours""]","[""Open 24 hours""]","[""Open 24 hours""]",30.1548615,-92.0730666
Feliciana Towing and Recovery,11351 US-61,St Francisville,LA,70775,1 225-800-3131,http://www.facebook.com/Feliciana-Towing-and-Recovery-101425378974563,3.8,10,"[""Open 24 hours""]","[""Open 24 hours""]","[""Open 24 hours""]","[""Open 24 hours""]","[""Open 24 hours""]","[""Open 24 hours""]","[""Open 24 hours""]",30.8914594,-91.3489601
Southern Maine Towing & Auto Repair,410 Elm St,Biddeford,ME,4005,1 207-286-9700,https://sometow.com/%3Futm_source%3Domg-gbp%26utm_medium%3Dwebclick,4.6,532,"[""Open 24 hours""]","[""Open 24 hours""]","[""Open 24 hours""]","[""Open 24 hours""]","[""Open 24 hours""]","[""Open 24 hours""]","[""Open 24 hours""]",43.4819141,-70.4728803
New England Towing,,,,,1 207-347-9347,https://newenglandtowingus.com/,5,32,"[""Open 24 hours""]","[""Open 24 hours""]","[""Open 24 hours""]","[""Open 24 hours""]","[""Open 24 hours""]","[""Open 24 hours""]","[""Open 24 hours""]",43.6103465,-70.23393
McEwen Towing LLC,92 Old Bangor Rd,Newport,ME,4953,1 207-356-2105,,4.9,64,"[""Open 24 hours""]","[""Open 24 hours""]","[""Open 24 hours""]","[""Open 24 hours""]","[""Open 24 hours""]","[""Open 24 hours""]","[""Open 24 hours""]",44.8247973,-69.2263503
Maine Towing and Collision LLC,646 Union Rd,Waldoboro,ME,4572,1 207-542-0123,https://mainetowingandcollision.com/,4.9,74,"[""Open 24 hours""]","[""Open 24 hours""]","[""Open 24 hours""]","[""Open 24 hours""]","[""Open 24 hours""]","[""Open 24 hours""]","[""Open 24 hours""]",44.1250212,-69.3471341
All Time Towing & Automotive,222 Etna Rd,Plymouth,ME,4969,1 207-368-4691,https://alltimetowingandautomotive.com/,3.7,104,"[""Open 24 hours""]","[""Open 24 hours""]","[""Open 24 hours""]","[""Open 24 hours""]","[""Open 24 hours""]","[""Open 24 hours""]","[""Open 24 hours""]",44.7754122,-69.1896123
Union Street Towing,27 Perkins St,Bangor,ME,4401,1 207-942-4200,http://www.unionstreettowing.com/,4.3,299,"[""Open 24 hours""]","[""Open 24 hours""]","[""Open 24 hours""]","[""Open 24 hours""]","[""Open 24 hours""]","[""Open 24 hours""]","[""Open 24 hours""]",44.8003458,-68.7945367
Maine Towing LLC,433 Bath Rd,Brunswick,ME,4011,1 207-509-1719,http://www.mainetowingllc.com/,3.9,11,"[""Open 24 hours""]","[""Open 24 hours""]","[""Open 24 hours""]","[""Open 24 hours""]","[""Open 24 hours""]","[""Open 24 hours""]","[""Open 24 hours""]",43.912351,-69.8731562
Statewide Towing Inc.,173 River Rd,Chelsea,ME,4330,1 207-623-0494,https://statewidetowinginc.com/%3Futm_source%3Domg-gbp%26utm_medium%3Dwebclick,4.7,434,"[""Open 24 hours""]","[""Open 24 hours""]","[""Open 24 hours""]","[""Open 24 hours""]","[""Open 24 hours""]","[""Open 24 hours""]","[""Open 24 hours""]",44.2831179,-69.7775705
Northern Towing,59 Houlton Rd,Danforth,ME,4424,1 207-448-7095,http://northerntowing.com/,5,1,,,,,,,,45.6598231,-67.8650504
BRS Recovery,293 ME-150,Parkman,ME,4443,1 207-343-1621,,5,17,,,,,,,,45.1526483,-69.4093793
Don's No Preference Towing,940 Washington St N,Auburn,ME,4210,1 207-784-4619,,4.8,419,"[""Open 24 hours""]","[""Open 24 hours""]","[""Open 24 hours""]","[""Open 24 hours""]","[""Open 24 hours""]","[""Open 24 hours""]","[""Open 24 hours""]",44.0608508,-70.2513294
Leonard Heavy Rescue - 24 Hour Heavy Duty Towing,7 Horseback Rd,Carmel,ME,4419,1 207-949-4319,https://leonardautomotive.com/%3Futm_source%3Domg-gbp%26utm_medium%3Dwebclick,4.5,99,"[""Open 24 hours""]","[""Open 24 hours""]","[""Open 24 hours""]","[""Open 24 hours""]","[""Open 24 hours""]","[""Open 24 hours""]","[""Open 24 hours""]",44.8092148,-68.9801409
Atlantic Coast Towing Inc.,11 Starlight Way,Brunswick,ME,4011,1 207-725-7763,,3.9,152,"[""Open 24 hours""]","[""Open 24 hours""]","[""Open 24 hours""]","[""Open 24 hours""]","[""Open 24 hours""]","[""Open 24 hours""]","[""Open 24 hours""]",43.9148398,-69.9048421
Acadia Towing,58 S and B Way,Bar Harbor,ME,4609,1 207-288-3377,,4.4,47,"[""Open 24 hours""]","[""Open 24 hours""]","[""Open 24 hours""]","[""Open 24 hours""]","[""Open 24 hours""]","[""Open 24 hours""]","[""Open 24 hours""]",44.420016,-68.330514
"T&S Towing and Recovery, LLC",57 Mayhew Manor Rd,Greenville,ME,4441,1 207-280-4319,https://www.tandstowingme.com/,5,23,"[""Open 24 hours""]","[""Open 24 hours""]","[""Open 24 hours""]","[""Open 24 hours""]","[""Open 24 hours""]","[""Open 24 hours""]","[""Open 24 hours""]",45.4557559,-69.5972484
Mike's towing,432 Hallowell Rd,Chelsea,ME,4330,1 207-592-8801,https://m.facebook.com/Mikes-Towing-429012777191273/,3.8,37,"[""Open 24 hours""]","[""Open 24 hours""]","[""Open 24 hours""]","[""Open 24 hours""]","[""Open 24 hours""]","[""Open 24 hours""]","[""Open 24 hours""]",44.2769776,-69.7384221
Phil's Towing,956 Main St,Carmel,ME,4419,1 207-299-3170,https://philstowing.net/%3Futm_source%3Domg-gbp%26utm_medium%3Dwebclick,4.9,28,"[""8AM-5PM""]","[""8AM-5PM""]","[""8AM-5PM""]","[""8AM-5PM""]","[""8AM-5PM""]","[""Closed""]","[""Closed""]",44.7999645,-69.0605709
"Mid Maine Towing and Recovery, LLC",26 Union Park Road,Topsham,ME,4086,1 207-751-9655,,5,4,"[""Open 24 hours""]","[""Open 24 hours""]","[""Open 24 hours""]","[""Open 24 hours""]","[""Open 24 hours""]","[""Open 24 hours""]","[""Open 24 hours""]",43.9385033,-69.9676756
Dostie’s Towing Waterville,126 Drummond Ave,Waterville,ME,4901,1 207-872-9551,http://dostiestowing.com/,4,80,"[""Open 24 hours""]","[""Open 24 hours""]","[""Open 24 hours""]","[""Open 24 hours""]","[""Open 24 hours""]","[""Open 24 hours""]","[""Open 24 hours""]",44.5739601,-69.6231581
Dostie's Towing,46 Bangor Rd,Benton,ME,4901,1 207-805-6372,https://dostiestowing.com/%3Futm_source%3Domg-gbp%26utm_medium%3Dwebclick,4.5,72,"[""Open 24 hours""]","[""Open 24 hours""]","[""Open 24 hours""]","[""Open 24 hours""]","[""Open 24 hours""]","[""Open 24 hours""]","[""Open 24 hours""]",44.5890423,-69.5496048
"Past & Present Towing, Recovery & Heavy Duty Semi Truck Wrecker",7810 Academy Ln,Laurel,MD,20707,1 301-210-6222,https://mdtowing.com/,4.8,,,,,,"[""Open 24 hours""]",,,39.0743342,-76.8726141
Morton's Towing & Recovery,16227 Redland Rd,Rockville,MD,20855,1 301-330-1170,http://www.mortonstowing.com/,4.9,,,,,,"[""Open 24 hours""]",,,39.1231257,-77.1557058
"Southern Maryland Towing, Inc",1680 Solomons Island Rd S,Prince Frederick,MD,20678,1 301-737-1611,https://southernmarylandtowing.com/,4.7,,,,,,"[""Open 24 hours""]",,,38.5177167,-76.5684749
Central Towing & Recovery,8515 Rainswood Dr,Greater Landover,MD,20785,1 301-363-0001,https://mdtow.com/,4.9,,,,,,"[""Open 24 hours""]",,,38.9404421,-76.8588997
Carlito's Towing Services,925 University Blvd E 10407 New Hampshire ave 2203 Spencerville rd Spencerville Md 20866,Silver Spring,MD,20903,1 240-784-6187,https://carlitostowing7.com/,3.8,,,,,,"[""Open 24 hours""]",,,39.0266755,-76.9808902
Double J Towing & Transport,13811 Old Annapolis Rd,Bowie,MD,20720,1 240-204-0970,http://doublejtowingmd.com/,4.7,,,,,,"[""Open 24 hours""]",,,38.970347,-76.7655423
OMA Towing & Road Service,,,,,1 202-940-1291,https://omaroad.com/,4.6,,,,,,"[""Open 24 hours""]",,,39.0954175,-76.860329
Parice towing and roadside assistance llc,,,,,1 240-486-1474,,5,,,,,,"[""Open 24 hours""]",,,38.1319444,-79.3308385
CHD Towing,11 Crain Hwy,Bowie,MD,20716,1 301-390-9500,,3.6,,,,,,"[""Open 24 hours""]",,,38.8966967,-76.7187817
Silver Spring Tow Truck,,,,,1 240-641-7863,https://www.silverspringtowtruck.com/,4.7,,,,,,"[""Open 24 hours""]",,,38.9134692,-77.0144726
Steve’s Towing,12228 Valleywood Dr,Silver Spring,MD,20902,1 240-470-3199,,4.9,,,,,,"[""Open 24 hours""]",,,39.0565173,-77.0655429
Totally Satisfied Towing and Recovery,9990 Washington Blvd N,Laurel,MD,20723,1 301-455-2323,http://www.totallysatisfiedtowings.com/,5,,,,,,"[""Open 24 hours""]",,,39.1115174,-76.8364858
"Southern Maryland Towing, Inc",21899 Budds Creek Rd,Leonardtown,MD,20650,1 301-872-9921,https://southernmarylandtowing.com/,4.8,,,,,,"[""Open 24 hours""]",,,38.3124606,-76.6681914
"AlleyCat Towing & Recovery, Inc.",5110 Buchanan St,Hyattsville,MD,20781,1 301-864-0323,https://alleycattowing.com/,4.2,,,,,,"[""Open 24 hours""]",,,38.9462496,-76.9327252
Buckley's 24 Hour Towing,,,,,1 301-777-3129,http://buckleys24hourtowing.com/,4.6,,,,,,"[""Open 24 hours""]",,,39.7075505,-78.7548805
"Scott's Towing & Recovery Service - Suitland, MD",3803 Old Silver Hill Rd,Hillcrest Heights,MD,20746,1 301-248-8801,https://www.scottstowingmaryland.com/,4.3,,,,,,"[""Open 24 hours""]",,,38.841477,-76.9461442
Hannan Towing & Recovery,11508 E Maple Ave,Beltsville,MD,20705,1 301-937-1937,https://www.hannantowingandrecovery.com/,4.8,,,,,,"[""Open 24 hours""]",,,39.0428412,-76.9022318
Dough Boy Towing & Recovery,,,,,1 443-763-1619,,5,,,,,,"[""Open 24 hours""]",,,39.063263,-76.7083605
"Superior Towing & Recovery, LLC",60 Old Page St,Stoughton,MA,2072,1 617-888-4804,http://superiortowingandrecovery.net/,4.9,190,"[""Open 24 hours""]","[""Open 24 hours""]","[""Open 24 hours""]","[""Open 24 hours""]","[""Open 24 hours""]","[""Open 24 hours""]","[""Open 24 hours""]",42.1433752,-71.0694766
Mass Ave Towing LLC,381 Massachusetts Ave,Lunenburg,MA,1462,1 978-847-8478,,4.5,74,"[""Open 24 hours""]","[""Open 24 hours""]","[""Open 24 hours""]","[""Open 24 hours""]","[""Open 24 hours""]","[""Open 24 hours""]","[""Open 24 hours""]",42.5950139,-71.7547966
Interstate Towing,1660 Westover Rd,Chicopee,MA,1020,1 800-500-0869,https://interstatetowing.com/%3Futm_source%3Domg-gbp%26utm_medium%3Dwebclick,4.8,7985,"[""Open 24 hours""]","[""Open 24 hours""]","[""Open 24 hours""]","[""Open 24 hours""]","[""Open 24 hours""]","[""Open 24 hours""]","[""Open 24 hours""]",42.1819268,-72.572432
Robert's Towing LLC,25 Goodenough St,Boston,MA,2135,1 617-782-2525,,1.4,475,"[""Open 24 hours""]","[""Open 24 hours""]","[""Open 24 hours""]","[""Open 24 hours""]","[""Open 24 hours""]","[""Open 24 hours""]","[""Open 24 hours""]",42.3560101,-71.154472
Mobile Auto Clinic Towing,446A Western Ave,Brighton,MA,2135,1 617-259-4497,https://www.mobileautotowing.com/,5,182,"[""Open 24 hours""]","[""Open 24 hours""]","[""Open 24 hours""]","[""Open 24 hours""]","[""Open 24 hours""]","[""Open 24 hours""]","[""Open 24 hours""]",42.3621185,-71.1412851
Ferreira's Towing,293 Littleton Rd,Chelmsford,MA,1824,1 978-454-7914,https://www.ferreiratowing.net/,4.1,79,"[""Open 24 hours""]","[""Open 24 hours""]","[""Open 24 hours""]","[""Open 24 hours""]","[""Open 24 hours""]","[""Open 24 hours""]","[""Open 24 hours""]",42.5835063,-71.3867191
Central Mass Towing & Recovery,34 Mill St,Auburn,MA,1501,1 508-723-2882,,4.4,73,"[""Open 24 hours""]","[""Open 24 hours""]","[""Open 24 hours""]","[""Open 24 hours""]","[""Open 24 hours""]","[""Open 24 hours""]","[""Open 24 hours""]",42.1950698,-71.8240614
B & B Towing Inc,50 Mooney St,Cambridge,MA,2138,1 617-492-4419,http://www.bbtowinginc.com/,2.4,204,"[""Open 24 hours""]","[""Open 24 hours""]","[""Open 24 hours""]","[""Open 24 hours""]","[""Open 24 hours""]","[""Open 24 hours""]","[""Open 24 hours""]",42.3946169,-71.1525078
Always Open Towing,18 Talbot Ave,Dorchester,MA,2124,1 617-288-3181,http://alwaysopentow.com/%3Futm_source%3Domg-gbp%26utm_medium%3Dwebclick,3.1,151,"[""Open 24 hours""]","[""Open 24 hours""]","[""Open 24 hours""]","[""Open 24 hours""]","[""Open 24 hours""]","[""Open 24 hours""]","[""Open 24 hours""]",42.2948572,-71.0866905
Viking Towing,15 Sutton Rd,Webster,MA,1570,1 617-947-5188,https://www.vikingtowing.com/,4.8,52,"[""Open 24 hours""]","[""Open 24 hours""]","[""Open 24 hours""]","[""Open 24 hours""]","[""Open 24 hours""]","[""Open 24 hours""]","[""Open 24 hours""]",42.0651917,-71.8578376
Ferry Street Towing & Roadside Assistance,330 Ferry St,Malden,MA,2148,1 781-244-9363,,4.4,88,"[""Open 24 hours""]","[""Open 24 hours""]","[""Open 24 hours""]","[""Open 24 hours""]","[""Open 24 hours""]","[""Open 24 hours""]","[""Open 24 hours""]",42.4223793,-71.0595499
A & B Towing Inc.,150 Freeport St B,Dorchester,MA,2122,1 617-282-7165,,2.5,132,"[""Open 24 hours""]","[""Open 24 hours""]","[""Open 24 hours""]","[""Open 24 hours""]","[""Open 24 hours""]","[""Open 24 hours""]","[""Open 24 hours""]",42.3051581,-71.0558357
Four Star Towing Service,134 Newbury St Rear Unit R.U.B,Peabody,MA,1960,1 978-535-9847,https://fourstartowing.com/%3Futm_source%3Domg-gbp%26utm_medium%3Dwebclick,4.1,105,"[""Open 24 hours""]","[""Open 24 hours""]","[""Open 24 hours""]","[""Open 24 hours""]","[""Open 24 hours""]","[""Open 24 hours""]","[""Open 24 hours""]",42.5371255,-70.9891829
D & D Towing LLC,1 Ellery St,Boston,MA,2127,1 617-464-8697,,2.3,190,"[""Open 24 hours""]","[""Open 24 hours""]","[""Open 24 hours""]","[""Open 24 hours""]","[""Open 24 hours""]","[""Open 24 hours""]","[""Open 24 hours""]",42.3310238,-71.0577393
All Day & All Night Towing,545 Bay St,Fall River,MA,2724,1 508-675-1511,https://alldayallnighttowing.com/%3Futm_source%3Domg-gbp%26utm_medium%3Dwebclick,4.7,173,"[""Open 24 hours""]","[""Open 24 hours""]","[""Open 24 hours""]","[""Open 24 hours""]","[""Open 24 hours""]","[""Open 24 hours""]","[""Open 24 hours""]",41.6925148,-71.1777335
Todisco Towing,94 Condor St,East Boston,MA,2128,1 617-567-0700,https://todiscotowing.com/%3Futm_source%3Domg-gbp%26utm_medium%3Dwebclick,2.6,514,"[""Open 24 hours""]","[""Open 24 hours""]","[""Open 24 hours""]","[""Open 24 hours""]","[""Open 24 hours""]","[""Open 24 hours""]","[""Open 24 hours""]",42.3829431,-71.0370087
Hiway Recovery,12 Walker Dr,Upton,MA,1568,1 508-529-2159,http://www.hiwayrecovery.com/,4.8,24,"[""Open 24 hours""]","[""Open 24 hours""]","[""Open 24 hours""]","[""Open 24 hours""]","[""Open 24 hours""]","[""Open 24 hours""]","[""Open 24 hours""]",42.1585561,-71.5822457
Stephens Automotive Transport,60 Union St,Medford,MA,2155,1 617-876-4400,https://stephenstow.com/%3Futm_source%3Domg-gbp%26utm_medium%3Dwebclick,3.3,201,"[""Open 24 hours""]","[""Open 24 hours""]","[""Open 24 hours""]","[""Open 24 hours""]","[""Open 24 hours""]","[""Open 24 hours""]","[""Open 24 hours""]",42.4155917,-71.109619
Benny’s Trucking & Towing Inc,111 E Brimfield Rd #6,Holland,MA,1521,1 774-200-8945,https://www.facebook.com/BennysTruckingAndTowing,4.9,70,"[""Open 24 hours""]","[""Open 24 hours""]","[""Open 24 hours""]","[""Open 24 hours""]","[""Open 24 hours""]","[""Open 24 hours""]","[""Closed""]",42.077519,-72.1578789
All Cape Towing Inc,29 Foster Howard Rd,Pocasset,MA,2559,1 508-495-1999,,4,108,"[""Open 24 hours""]","[""Open 24 hours""]","[""Open 24 hours""]","[""Open 24 hours""]","[""Open 24 hours""]","[""Open 24 hours""]","[""Open 24 hours""]",41.6837985,-70.594052
West Michigan Towing,"2479 VanOmmen Dr, 4207 Lincoln Rd",Holland,MI,49424,1 616-394-9641,http://www.westmichigantowingmi.com/,4.8,,,,,,"[""Open 24 hours""]",,,42.72728,-86.0543168
Michigan Truck Towing & Recovery,5110 Jefferson Rd,Clarklake,MI,49234,1 517-936-8791,http://michigantrucktowingandrecovery.com/,2.8,,,,,,"[""Open 24 hours""]",,,42.112473,-84.3217307
"McDonald's Towing & Rescue, Inc.",2975 Interstate Pkwy,Kalamazoo,MI,49048,1 269-342-0973,http://www.mcdonaldstowing.com/,2.7,,,,,,"[""Open 24 hours""]",,,42.2613751,-85.5206024
Grand Rapids Towing,1946 Will Ave NW,Grand Rapids,MI,49504,1 616-538-0698,http://www.grtowing.com/,4.9,,,,,,"[""Open 24 hours""]",,,42.9988872,-85.680438
Northern Michigan Towing & Roadside Rescue,7702 Puttygut Rd,Casco,MI,48064,1 586-318-8054,https://northernmichigantowingroadsiderescue.com/,4.9,,,,,,"[""Open 24 hours""]",,,42.7853008,-82.6212677
Allendale Towing and Wrecker Services,5245 Lake Michigan Dr,Allendale,MI,49401,1 616-895-6229,https://allendaletowingandwreckerservice.com/,4.8,,,,,,"[""Open 24 hours""]",,,42.973024,-85.9153177
"Jerry's Towing & Recovery, Inc.",1381 S Evergreen Dr,White Cloud,MI,49349,1 231-652-1721,https://jerrystowingmi.com/,4.5,,,,,,"[""Open 24 hours""]",,,43.5293846,-85.7723922
Green's 24 Hour Towing,1504 N Fancher St,Mt Pleasant,MI,48858,1 989-772-5454,http://www.greens24hrtowing.com/,4.2,,,,,,"[""Open 24 hours""]",,,43.617841,-84.7714529
V & J Towing Services Detroit MI,15360 Dale St,Detroit,MI,48223,1 313-635-0149,,2.2,,,,,,"[""10AM-4PM""]",,,42.4014968,-83.2751312
Goch & Son's Towing,750 S Deacon St,Detroit,MI,48217,1 313-382-2727,https://www.gochtowing.com/,3.2,,,,,,"[""Open 24 hours""]",,,42.2822216,-83.142259
Reed City Towing,800 S Chestnut St Suite 102,Reed City,MI,49677,1 231-832-0101,https://reedcitytowing.com/,4.7,,,,,,"[""Open 24 hours""]",,,43.8665127,-85.509655
Statewide Towing and Auto Recovery,12907 Pleasanton Hwy,Bear Lake,MI,49614,1 231-233-4834,,4.9,,,,,,"[""Open 24 hours""]",,,44.4294177,-86.1297852
Michigan Off Road Recovery,112 Fisher St,Bay City,MI,48706,1 989-279-0709,http://www.michiganoffroadrecovery.com/,4.7,,,,,,"[""Open 24 hours""]",,,43.5949197,-83.9065882
Maple Valley Towing,7201 E West Branch Rd,St Helen,MI,48656,1 989-389-7550,,4.5,,,,,,,,,44.3058295,-84.4659122
Mid State Towing,106 W Isabella Rd,Midland,MI,48640,1 989-633-8697,http://www.midstatetowingmi.com/,4.3,,,,,,"[""Open 24 hours""]",,,43.6130902,-84.3732824
Oceana Auto LLC,709 S Emily St,Ludington,MI,49431,1 231-843-6500,http://oceana-auto.com/,5,,,,,,"[""Open 24 hours""]",,,43.9486417,-86.4406826
HD Towing LLC,3424 Pointer Rd,West Branch,MI,48661,1 989-345-0135,,4.9,,,,,,"[""Open 24 hours""]",,,44.2332343,-84.3062783
Auto Solutions Towing,4255 N Clare Ave,Harrison,MI,48625,1 989-339-5559,https://www.joesautosolutions.com/towing,4.7,,,,,,"[""Open 24 hours""]",,,44.0508749,-84.8090179
Gratiot Towing,125 N Court Ave,Alma,MI,48801,1 989-875-8484,,4,,,,,,"[""Open 24 hours""]",,,43.3757796,-84.6542846
Elite Towing of Minnesota,14 Acker St E,St Paul,MN,55117,1 952-808-0808,https://elitetowingofmn.com/,4.6,,,,,,"[""Open 24 hours""]",,,44.9638336,-93.0994345
MN Towing & Junkers,2707 6th Ave,Anoka,MN,55303,1 763-299-0660,http://www.mntowing.com/,4.6,,,,,,"[""Open 24 hours""]",,,45.2074764,-93.3816033
Minneapolis Impound Lot,50 Van White Memorial Blvd,Minneapolis,MN,55405,1 612-673-5777,http://www.minneapolismn.gov/impound/,3,,,,,,"[""8AM-10PM""]",,,44.9765589,-93.294319
Minneapolis Towing Service,1103 Monroe St NE,Minneapolis,MN,55413,1 612-400-8780,https://www.minneapolistowingservice.com/,4.1,,,,,,"[""Open 24 hours""]",,,44.998866,-93.2521388
Andy's Towing,146 Lincoln Ave NE,St Cloud,MN,56304,1 320-251-5691,https://andystowing.com/,4.5,,,,,,"[""Open 24 hours""]",,,45.5705529,-94.1470964
USA Towing & Recovery,921 E Railroad Ave,Proctor,MN,55810,1 218-729-5252,http://usatowing.us/,4.6,,,,,,"[""Open 24 hours""]",,,46.7515311,-92.2315893
Discount Auto Towing St Paul Minnesota LLC,1047 Raymond Ave suite b,St Paul,MN,55108,1 651-917-0192,https://adiscountautotowing.com/,5,,,,,,"[""Open 24 hours""]",,,44.9736652,-93.1958857
Minnetowta Towing,8421 22nd Ave S #305A,Bloomington,MN,55425,1 612-236-3271,https://minnetowtatowing.com/,4.8,,,,,,"[""Open 24 hours""]",,,44.8503839,-93.2411965
Wyatt's Towing & Recovery,21685 484th Ln,McGregor,MN,55760,1 218-820-5816,,4.8,,,,,,"[""Open 24 hours""]",,,46.7171301,-93.3087452
Jerry's Towing,615 E Lake St,Minneapolis,MN,55407,1 612-824-5018,https://www.jerrystowingmpls.com/,4.6,,,,,,"[""Open 24 hours""]",,,44.9480915,-93.2667711
Twin Cities Towing & Recovery,5124 Hanson Ct N,Minneapolis,MN,55429,1 763-278-8400,https://tctr.com/,4.6,,,,,,"[""Open 24 hours""]",,,45.0481227,-93.3562223
MSP Towing & Recovery,,,,,1 612-391-7272,https://msptows.com/,5,,,,,,"[""Open 24 hours""]",,,45.006,-93.2765456
Junction Towing,,,,,1 763-682-2033,http://junctiontowingmn.com/,4.6,,,,,,"[""Open 24 hours""]",,,45.1821014,-93.8909615
Edina Towing,,,,,1 952-926-6628,,4.6,,,,,,"[""Open 24 hours""]",,,45.015862,-93.4728015
Tow Truck Minnesota,36512 CSAH 2,Watkins,MN,55389,1 320-287-8505,,5,,,,,,"[""Open 24 hours""]",,,45.2752548,-94.4317377
Minneapolis Towing & Recovery,,,,,1 612-499-6293,https://minneapolistowingmn.com/,4.9,,,,,,"[""Open 24 hours""]",,,44.9202856,-93.378812
Smitty Big Towing & Recovery,,,,,1 651-955-6475,,4.1,,,,,,"[""Open 24 hours""]",,,44.8588834,-93.2501375
"Collins Brothers Towing of St.Cloud, Inc.",2300 6th St N,St Cloud,MN,56303,1 320-257-5525,https://collinsbrostowing.com/,3.4,,,,,,"[""Open 24 hours""]",,,45.563091,-94.1855758
Tyson's Towing,2922 N Washington Ave,Minneapolis,MN,55411,1 612-978-3705,http://www.tysonstowing25.com/,3.5,,,,,,"[""Open 24 hours""]",,,45.0102472,-93.28153
Discount Towing of MPLS,5711 Camden Ave N,Brooklyn Center,MN,55430,1 612-232-4032,http://www.discounttowingofmpls.com/,4.6,,,,,,"[""Open 24 hours""]",,,45.0589137,-93.2889973
Southern Hook Towing & Recovery,925 MS-42,Sumrall,MS,39482,1 601-436-8945,https://www.facebook.com/profile.php%3Fid%3D61562557756899%26mibextid%3DLQQJ4d,4.9,148,"[""Open 24 hours""]","[""Open 24 hours""]","[""Open 24 hours""]","[""Open 24 hours""]","[""Open 24 hours""]","[""Open 24 hours""]","[""Open 24 hours""]",31.4098717,-89.5647362
Hall's Towing Service,1161 Weems St,Pearl,MS,39208,1 601-939-3932,http://www.hallstowing.com/,4.5,73,"[""Open 24 hours""]","[""Open 24 hours""]","[""Open 24 hours""]","[""Open 24 hours""]","[""Open 24 hours""]","[""Open 24 hours""]","[""Open 24 hours""]",32.245593,-90.1392241
JD'S Cheap Tow,610 West St,Hattiesburg,MS,39401,1 601-594-2541,https://www.jdscheaptowing.com/,4.9,180,"[""Open 24 hours""]","[""Open 24 hours""]","[""Open 24 hours""]","[""Open 24 hours""]","[""Open 24 hours""]","[""Open 24 hours""]","[""Open 24 hours""]",31.3328211,-89.3006951
HATTIESBURG TOWING,,,,,1 601-467-8753,https://hattiesburg-towing.com/,4.8,145,"[""Open 24 hours""]","[""Open 24 hours""]","[""Open 24 hours""]","[""Open 24 hours""]","[""Open 24 hours""]","[""Open 24 hours""]","[""Open 24 hours""]",31.172138,-89.2947715
Hall's Towing Service,1416 Barnett Dr,Jackson,MS,39209,1 601-922-9444,https://hallstowing.com/%3Futm_source%3Domg-gbp%26utm_medium%3Dwebclick,4,81,"[""Open 24 hours""]","[""Open 24 hours""]","[""Open 24 hours""]","[""Open 24 hours""]","[""Open 24 hours""]","[""Open 24 hours""]","[""Open 24 hours""]",32.3052405,-90.2470067
South Mississippi Towing & Recovery,2221 34th St,Gulfport,MS,39501,1 228-669-3831,https://southmstowing.com/,5,6,"[""Open 24 hours""]","[""Open 24 hours""]","[""Open 24 hours""]","[""Open 24 hours""]","[""Open 24 hours""]","[""Open 24 hours""]","[""Open 24 hours""]",30.3909954,-89.0905917
Hayles Towing & Recovery,1101 US-80,Jackson,MS,39204,1 601-353-7700,http://www.haylestowing.com/,3.9,87,"[""Open 24 hours""]","[""Open 24 hours""]","[""Open 24 hours""]","[""Open 24 hours""]","[""Open 24 hours""]","[""Open 24 hours""]","[""Open 24 hours""]",32.2842332,-90.2049293
J&J Affordable Towing,5012 Arkansas Ave,Gulfport,MS,39501,1 228-861-2812,https://www.jandjaffordabletowing.com/,4.5,62,"[""Open 24 hours""]","[""Open 24 hours""]","[""Open 24 hours""]","[""Open 24 hours""]","[""Open 24 hours""]","[""Open 24 hours""]","[""Open 24 hours""]",30.4082821,-89.0939046
Skipper's Towing and Recovery,510 Cross St,Laurel,MS,39440,1 601-498-1398,https://www.facebook.com/Repo4U%3Fmibextid%3DZbWKwL,4.8,114,"[""Open 24 hours""]","[""Open 24 hours""]","[""Open 24 hours""]","[""Open 24 hours""]","[""Open 24 hours""]","[""Open 24 hours""]","[""Open 24 hours""]",31.6947715,-89.1244363
Shivers Towing,1333 N Lamar Blvd,Oxford,MS,38655,1 662-234-5238,https://shiverstowingms.com/,4.7,121,"[""Open 24 hours""]","[""Open 24 hours""]","[""Open 24 hours""]","[""Open 24 hours""]","[""Open 24 hours""]","[""Open 24 hours""]","[""Open 24 hours""]",34.382462,-89.5101837
Ward's Wrecker Service Inc.,955 I 20 Frontage Rd,Jackson,MS,39204,1 601-948-1310,https://wardswreckerservice.com/%3Futm_source%3Domg-gbp%26utm_medium%3Dwebclick,4.2,149,"[""Open 24 hours""]","[""Open 24 hours""]","[""Open 24 hours""]","[""Open 24 hours""]","[""Open 24 hours""]","[""Open 24 hours""]","[""Open 24 hours""]",32.2742154,-90.1959031
"JDs Cheap Towing and Roadside Assistance of Hattiesburg, MS",412 Mable St,Hattiesburg,MS,39401,1 601-255-1358,https://jdscheaptow.com/,4.5,17,"[""Open 24 hours""]","[""Open 24 hours""]","[""Open 24 hours""]","[""Open 24 hours""]","[""Open 24 hours""]","[""Open 24 hours""]","[""Open 24 hours""]",31.3309338,-89.301472
Hegwood's Towing LLC,1079 Shiloh Rd,Brandon,MS,39042,1 601-941-6382,,5,296,"[""Open 24 hours""]","[""Open 24 hours""]","[""Open 24 hours""]","[""Open 24 hours""]","[""Open 24 hours""]","[""Open 24 hours""]","[""Open 24 hours""]",32.248934,-89.9285859
Dean's Towing & Recovery,1919 28th St,Gulfport,MS,39501,1 228-863-9488,,3.9,91,"[""Open 24 hours""]","[""Open 24 hours""]","[""Open 24 hours""]","[""Open 24 hours""]","[""Open 24 hours""]","[""Open 24 hours""]","[""Open 24 hours""]",30.3838959,-89.0858643
"Burns Towing | Roadside Assistance | Newton, MS",3291 Peavy Rd,Newton,MS,39345,1 601-745-6375,,5,73,"[""Open 24 hours""]","[""Open 24 hours""]","[""Open 24 hours""]","[""Open 24 hours""]","[""Open 24 hours""]","[""Open 24 hours""]","[""Open 24 hours""]",32.2791595,-89.0454424
"All American Towing & Recovery, Inc.",981 Motsie Rd,Biloxi,MS,39532,1 228-392-6955,http://www.allamericantowinginc.com/,4,133,"[""Open 24 hours""]","[""Open 24 hours""]","[""Open 24 hours""]","[""Open 24 hours""]","[""Open 24 hours""]","[""Open 24 hours""]","[""Open 24 hours""]",30.4464502,-88.9280835
Solo's Towing & Recovery,134 Lakeview Dr,Carriere,MS,39426,1 601-798-6191,http://solostowing.com/,4.7,95,"[""Open 24 hours""]","[""Open 24 hours""]","[""Open 24 hours""]","[""Open 24 hours""]","[""Open 24 hours""]","[""Open 24 hours""]","[""Open 24 hours""]",30.6328675,-89.6406859
J & C Towing LLC,127 Russell Dr A,Meridian,MS,39301,1 601-453-3341,,4.7,104,"[""Open 24 hours""]","[""Open 24 hours""]","[""Open 24 hours""]","[""Open 24 hours""]","[""Open 24 hours""]","[""Open 24 hours""]","[""Open 24 hours""]",32.3710867,-88.6788263
"RD's Road Service, LLC",211 A US-80,Flowood,MS,39232,1 601-209-5398,https://rdsroadservices.com/,4.1,39,"[""Open 24 hours""]","[""Open 24 hours""]","[""Open 24 hours""]","[""Open 24 hours""]","[""Open 24 hours""]","[""8AM-5PM""]","[""Closed""]",32.2808457,-90.1720141
Smith'sTowing & Recovery and road side assistance tires.fuel .jump starts owner Gary smith,298 Dennis Rd,Mt Olive,MS,39119,1 601-517-5756,,4.3,11,"[""Open 24 hours""]","[""Open 24 hours""]","[""Open 24 hours""]","[""Open 24 hours""]","[""Open 24 hours""]","[""Open 24 hours""]","[""Open 24 hours""]",31.7513406,-89.5485584
Finley River Towing,1906 Selmore Rd,Ozark,MO,65721,1 417-844-4015,,4.7,,,,,,"[""Open 24 hours""]",,,37.0005487,-93.2078741
Osage County Towing and Recovery,1351 US-63,Loose Creek,MO,65054,1 573-690-9922,http://www.osagecountytowing.com/,5,,,,,,"[""Open 24 hours""]",,,38.4564487,-92.0066567
R&R 24/7 towing,11280 W Little Oaks Rd,Rolla,MO,65401,1 573-578-0886,http://rr247towing.com/,5,,,,,,"[""Open 24 hours""]",,,37.9147939,-91.7724707
Affordable Towing INC,2720 Eagle Dr,Jefferson City,MO,65109,1 573-635-5363,http://affordabletowjc.com/,4.8,,,,,,"[""6AM-6PM""]",,,38.5662033,-92.2260004
I-70 Towing & Recovery,4201 Interstate 70 Dr SE,Columbia,MO,65201,1 573-449-3336,https://i70towing.com/,4.4,,,,,,"[""Open 24 hours""]",,,38.959493,-92.273888
Lucky's Tow Service,600 Haines Suite E,Liberty,MO,64068,1 816-420-8697,https://luckystow.com/,4.9,,,,,,"[""Open 24 hours""]",,,39.2541961,-94.4554376
Becky's 24 Hr Towing,1906 Lake Dr,Fulton,MO,65251,1 573-821-5145,,5,,,,,,"[""Open 24 hours""]",,,38.8665027,-91.9165267
Big Boy's Towing & Recovery,10925 Old Rte 66,Rolla,MO,65401,1 573-308-7120,https://bigboystowing.com/%3Futm_source%3Domg-gbp%26utm_medium%3Dwebclick,4.5,,,,,,"[""Open 24 hours""]",,,37.9782829,-91.725688
Yates Boys Towing,1162 E Clinton Rd,Seymour,MO,65746,1 417-935-9856,,4.8,,,,,,"[""Open 24 hours""]",,,37.1457456,-92.7517481
Doug Perry Towing,2803 N Creasy Springs Rd,Columbia,MO,65202,1 573-442-4616,https://dptcomo.com/,4.9,,,,,,"[""Open 24 hours""]",,,38.9814834,-92.3511581
Sturm's Countywide Towing,369 W-W Industrial Park,Washington,MO,63090,1 636-239-3636,https://sturmstowing.com/%3Futm_source%3Domg-gbp%26utm_medium%3Dwebclick,4.4,,,,,,"[""Open 24 hours""]",,,38.5629383,-91.0567056
Patriot Towing,2475 E Fifth St,Washington,MO,63090,1 636-392-5070,https://patriottows4u.com/,4.3,,,,,,"[""Open 24 hours""]",,,38.5414164,-90.9768953
Champion Towing LLC,32 Twiggy Ln,Eldon,MO,65026,1 573-789-0388,https://championtow.com/,4.9,,,,,,"[""Open 24 hours""]",,,38.3123944,-92.5776921
Chris & Son Towing,1600 Missouri Zz,Cuba,MO,65453,1 573-259-6377,https://www.chrisdtowing.com/,4.9,,,,,,"[""Open 24 hours""]",,,38.0601583,-91.4157258
Big Boy's Towing & Recovery,763 Missouri Ave,St Robert,MO,65584,1 573-528-5559,https://bigboystowing.com/,3.5,,,,,,"[""Open 24 hours""]",,,37.8045245,-92.1448564
Anybody Towing,18200 Lament Dr,St Robert,MO,65584,1 573-336-0015,https://anybodytowing.com/,4.1,,,,,,"[""Open 24 hours""]",,,37.841796,-92.1728706
Paul's Towing & Recovery,24296 Green Hills Rd,Lebanon,MO,65536,1 417-991-6772,https://towinglebanon.com/,4.5,,,,,,"[""Open 24 hours""]",,,37.6811993,-92.5904626
Kendall's Towing and Recovery - Holts Summit,1538 Autumn Ridge Dr,Holts Summit,MO,65043,1 573-338-8697,http://www.teamktr.com/,4,,,,,,,,,38.609246,-92.158398
Dynamic Towing & Recovery,601 E Elm St,Lebanon,MO,65536,1 417-718-9823,https://dynamictowingservice.com/%3Futm_source%3Domg-gbp%26utm_medium%3Dwebclick,4.8,,,,,,"[""Open 24 hours""]",,,37.6819198,-92.6512205
Montana Towing,6575 Wimmett Ln Ste. A,Missoula,MT,59808,1 406-369-4869,https://mt4tow.com/,4.9,391,"[""Open 24 hours""]","[""Open 24 hours""]","[""Open 24 hours""]","[""Open 24 hours""]","[""Open 24 hours""]","[""Open 24 hours""]","[""Open 24 hours""]",46.9350264,-114.1090951
Anderson Towing,1202 S 32nd St W Suite M,Billings,MT,59102,1 406-894-2566,https://andersontowingllc.com/%3Futm_source%3Domg-gbp%26utm_medium%3Dwebclick,4.8,1250,"[""Open 24 hours""]","[""Open 24 hours""]","[""Open 24 hours""]","[""Open 24 hours""]","[""Open 24 hours""]","[""Open 24 hours""]","[""Open 24 hours""]",45.7476297,-108.6018943
Montana City Towing,2 Albertine Ave,Montana City,MT,59634,1 406-443-8500,http://www.montanacitytowing.squarespace.com/,4.8,69,"[""Open 24 hours""]","[""Open 24 hours""]","[""Open 24 hours""]","[""Open 24 hours""]","[""Open 24 hours""]","[""Open 24 hours""]","[""Open 24 hours""]",46.542542,-111.942674
Montana Highway Towing,91 Jonna Ln,Superior,MT,59872,1 406-849-1722,,5,85,"[""Open 24 hours""]","[""Open 24 hours""]","[""Open 24 hours""]","[""Open 24 hours""]","[""Open 24 hours""]","[""Open 24 hours""]","[""Open 24 hours""]",47.2289953,-114.9711083
"Iron Horse Towing, Inc.",6593 U.S. Highway 10 W,Missoula,MT,59808,1 406-721-7538,http://ironhorsetowing.com/,4.2,345,"[""Open 24 hours""]","[""Open 24 hours""]","[""Open 24 hours""]","[""Open 24 hours""]","[""Open 24 hours""]","[""Open 24 hours""]","[""Open 24 hours""]",46.9338632,-114.1123585
Mountain West Towing,1999 Royal Rd,Belgrade,MT,59714,1 406-595-0530,http://www.mountainwesttowing.com/,4.5,124,"[""Open 24 hours""]","[""Open 24 hours""]","[""Open 24 hours""]","[""Open 24 hours""]","[""Open 24 hours""]","[""Open 24 hours""]","[""Open 24 hours""]",45.7731895,-111.2271547
Great falls tow,400 4th St S,Great Falls,MT,59405,1 406-899-2590,,4.9,45,"[""Open 24 hours""]","[""Open 24 hours""]","[""Open 24 hours""]","[""Open 24 hours""]","[""Open 24 hours""]","[""Open 24 hours""]","[""Open 24 hours""]",47.5006409,-111.3010311
Mr. T's Towing & Repair,411 Bond St,Bozeman,MT,59715,1 406-587-3831,http://www.mrtstowingandrepair.com/,4.4,71,"[""Open 24 hours""]","[""Open 24 hours""]","[""Open 24 hours""]","[""Open 24 hours""]","[""Open 24 hours""]","[""Open 24 hours""]","[""Open 24 hours""]",45.6952689,-111.0302316
A1 Towing & Fleet Service,461 Main St,Shelby,MT,59474,1 406-424-8000,http://www.a1towingandfleetservice.com/,4.9,42,"[""Open 24 hours""]","[""Open 24 hours""]","[""Open 24 hours""]","[""Open 24 hours""]","[""Open 24 hours""]","[""Open 24 hours""]","[""Open 24 hours""]",48.5071438,-111.8607053
Superior Towing & Recovery,10457 Moccasin Ln,Missoula,MT,59808,1 406-529-4234,http://supertowmt.com/,4.9,111,"[""Open 24 hours""]","[""Open 24 hours""]","[""Open 24 hours""]","[""Open 24 hours""]","[""Open 24 hours""]","[""Open 24 hours""]","[""Open 24 hours""]",46.9429518,-114.1450132
Mountain View Towing,1170 Sagebrush Ln,Deer Lodge,MT,59722,1 406-239-9504,http://deerlodgetowing.com/,4.7,53,"[""Open 24 hours""]","[""Open 24 hours""]","[""Open 24 hours""]","[""Open 24 hours""]","[""Open 24 hours""]","[""Open 24 hours""]","[""Open 24 hours""]",46.4104126,-112.7271629
Hanser’s Towing & Semi Truck Heavy Wrecker,502 S Billings Blvd,Billings,MT,59101,1 406-248-7795,https://hansers.com/towing,4.8,3594,"[""Open 24 hours""]","[""Open 24 hours""]","[""Open 24 hours""]","[""Open 24 hours""]","[""Open 24 hours""]","[""Open 24 hours""]","[""Open 24 hours""]",45.7610699,-108.5363835
Whistler Towing & Truck Repair,415 Bennett St,Livingston,MT,59047,1 406-224-5686,http://www.whistlertowing.net/,4.8,235,"[""Open 24 hours""]","[""Open 24 hours""]","[""Open 24 hours""]","[""Open 24 hours""]","[""Open 24 hours""]","[""Open 24 hours""]","[""Open 24 hours""]",45.6738874,-110.5449503
Montana Roadside Services,458 Minnesota Ave,Missoula,MT,59801,1 406-239-7596,,4.8,59,"[""Open 24 hours""]","[""Open 24 hours""]","[""Open 24 hours""]","[""Open 24 hours""]","[""Open 24 hours""]","[""Open 24 hours""]","[""Open 24 hours""]",46.8723155,-113.9437168
Flathead Towing LLC,117 Canyon View,Columbia Falls,MT,59912,1 406-471-3838,http://www.flatheadtowing.com/,5,133,"[""Open 24 hours""]","[""Open 24 hours""]","[""Open 24 hours""]","[""Open 24 hours""]","[""Open 24 hours""]","[""Open 24 hours""]","[""Open 24 hours""]",48.3520313,-114.2392486
Midwest Towing & Recovery,7500 N 56th St,Lincoln,NE,68514,1 402-489-7979,https://midwesttowing.net/%3Futm_source%3Domg-gbp%26utm_medium%3Dwebclick,4.8,,,,,,"[""Open 24 hours""]",,,40.8860234,-96.6425274
Meyer Towing & Recovery,3203 W O St,Lincoln,NE,68528,1 402-204-0502,http://meyertowinglincoln.com/,4.8,,,,,,"[""Open 24 hours""]",,,40.8132394,-96.7664847
Dash Towing & Recovery,,,,,1 402-917-2610,https://www.dashtowing.biz/,4.9,,,,,,"[""Open 24 hours""]",,,41.5008195,-99.680902
"Auto 1 Towing, Inc.","Auto 1 Towing, Inc IMPOUND LOT/OFFICE, 6328 Grover St #1",Omaha,NE,68106,1 402-344-2301,http://www.auto1towing.net/,4.1,,,,,,"[""Open 24 hours""]",,,41.2273507,-96.0100032
Lone Tree Towing,403 E 4th St,Grand Island,NE,68801,1 308-946-3321,https://www.grandislandtowing.net/,4.6,,,,,,"[""Open 24 hours""]",,,40.9297278,-98.3379083
Wiestar Towing,3846 Touzalin Ave,Lincoln,NE,68507,1 402-476-9697,http://wiestartowing.net/%3Futm_source%3Domg-gbp%26utm_medium%3Dwebclick,4.4,,,,,,"[""Open 24 hours""]",,,40.8515906,-96.6395741
Arrow Towing,3112 S 67th St,Omaha,NE,68106,1 402-553-1700,http://www.arrowtowing.com/,4.2,,,,,,"[""Open 24 hours""]",,,41.2293816,-96.0173569
Mikes Towing,3333 48th St,Columbus,NE,68601,1 402-563-2400,http://mikes-towing.com/%3Futm_source%3Dgmb%26utm_medium%3Dreferral,4.9,,,,,,"[""Open 24 hours""]",,,41.462223,-97.3696281
Scott's Towing/Recovery And Tire Repair,8705 Lincoln St,Lincoln,NE,68526,1 402-416-6994,http://scottstowingandtire.com/,4.7,,,,,,"[""Open 24 hours""]",,,40.7242505,-96.5919933
Rogers Towing & Recovery Services,311 Industrial Dr,Bellevue,NE,68005,1 402-292-3704,,4.5,,,,,,"[""Open 24 hours""]",,,41.1256398,-95.8906476
Neff Towing,4315 S 50th St,Omaha,NE,68117,1 402-733-5500,https://www.nefftowing.com/,4.5,,,,,,"[""7AM-7PM""]",,,41.2157095,-95.9900497
Kearney Towing & Repair Center,1303 E 22nd St,Kearney,NE,68847,1 308-236-9951,http://kearneytowingandrepair.com/,4.4,,,,,,"[""8AM-6PM""]",,,40.6969343,-99.0644951
Randy's & Brian's Towing,75490 County Rd 435,Lexington,NE,68850,1 308-324-2866,http://www.rbtow.com/,4.2,,,,,,"[""Open 24 hours""]",,,40.7700425,-99.7102947
Island Towing,5018 S Elk Dr,Grand Island,NE,68803,1 308-384-1837,,3.3,,,,,,"[""Open 24 hours""]",,,40.8585319,-98.3819808
Benefiel Towing and Truck Repair,709 S 8th St,Nebraska City,NE,68410,1 800-455-1611,http://benefieltruckandtow.com/,4.3,,,,,,"[""Open 24 hours""]",,,40.6709481,-95.8542191
Kent's Towing,106 Johnson Dr,Ogallala,NE,69153,1 308-289-2735,,4.9,,,,,,"[""Open 24 hours""]",,,41.1216599,-101.7510849
L & I Towing and Recovery,10037 Kings Plaza,Omaha,NE,68122,1 402-733-5606,https://towomaha.com/%3Futm_source%3Domg-gbp%26utm_medium%3Dwebclick,4.1,,,,,,"[""Open 24 hours""]",,,41.3316174,-96.0705115
"Little Tornado Towing & Recovery, LLC.",1529 Hickory St,Sidney,NE,69162,1 308-249-6544,https://littletornadotowingllc.com/,5,,,,,,"[""Open 24 hours""]",,,41.1454314,-102.9835415
The Tow Truck Company,3985 E Amargosa Farm Rd,Amargosa Valley,NV,89020,1 775-372-7779,https://thetowtruckco.com/%3Futm_source%3Domg-gbp%26utm_medium%3Dwebclick,4.5,55,"[""Open 24 hours""]","[""Open 24 hours""]","[""Open 24 hours""]","[""Open 24 hours""]","[""Open 24 hours""]","[""Open 24 hours""]","[""Open 24 hours""]",36.5685753,-116.4172622
Silver State Towing,1463 Southgate Dr,Gardnerville,NV,89410,1 775-783-8692,http://www.silverstatetow.com/,3.8,122,"[""Open 24 hours""]","[""Open 24 hours""]","[""Open 24 hours""]","[""Open 24 hours""]","[""Open 24 hours""]","[""Open 24 hours""]","[""Open 24 hours""]",38.9259902,-119.7269409
Roadway Towing & Repair,1076 6th St,Wells,NV,89835,1 877-655-9422,https://www.roadwaytowing.com/,3.5,208,"[""Open 24 hours""]","[""Open 24 hours""]","[""Open 24 hours""]","[""Open 24 hours""]","[""Open 24 hours""]","[""Open 24 hours""]","[""Open 24 hours""]",41.1034499,-114.9627238
Cal-Nevada Towing,820 S Main St,Tonopah,NV,89049,1 866-359-3725,https://calnevadatowing.com/%3Futm_source%3Domg-gbp%26utm_medium%3Dwebclick,4.3,274,"[""8AM-5PM""]","[""8AM-5PM""]","[""8AM-5PM""]","[""8AM-5PM""]","[""8AM-5PM""]","[""Closed""]","[""Closed""]",38.0627288,-117.2215042
Cal-Nevada Towing,415 L St,Hawthorne,NV,89415,1 775-359-3700,https://calnevadatowing.com/%3Futm_source%3Domg-gbp%26utm_medium%3Dwebclick,4.6,29,"[""Open 24 hours""]","[""Open 24 hours""]","[""Open 24 hours""]","[""Open 24 hours""]","[""Open 24 hours""]","[""Open 24 hours""]","[""Open 24 hours""]",38.5231024,-118.6182288
Desert Towing LLC CPCN 7116,6580 Vicki Ann Rd,Pahrump,NV,89048,1 775-751-1230,,4.7,46,"[""Open 24 hours""]","[""Open 24 hours""]","[""Open 24 hours""]","[""Open 24 hours""]","[""Open 24 hours""]","[""Open 24 hours""]","[""Open 24 hours""]",36.1236391,-115.9755391
A-1 Towing LLC,"CPCN8002 5075, 5075 E Winnemucca Blvd",Winnemucca,NV,89445,1 775-623-3498,http://a-1towingnv.com/,4.7,78,"[""Open 24 hours""]","[""Open 24 hours""]","[""Open 24 hours""]","[""Open 24 hours""]","[""Open 24 hours""]","[""Open 24 hours""]","[""Open 24 hours""]",40.9777116,-117.7149566
Fallon Towing & Recovery,750 S Taylor St # B,Fallon,NV,89406,1 775-423-0900,http://fallontowing.com/,3.5,74,"[""Open 24 hours""]","[""Open 24 hours""]","[""Open 24 hours""]","[""Open 24 hours""]","[""Open 24 hours""]","[""Open 24 hours""]","[""Open 24 hours""]",39.4667396,-118.7818783
Carson City Towing,5060 US-50,Carson City,NV,89701,1 775-883-2524,http://www.carsoncitytowinginc.com/,3.7,186,,,,,,,,39.186508,-119.7103648
"Five Star Towing & Transport, Inc.",450 Industrial Way Suite 208,Lovelock,NV,89419,1 775-273-1111,http://www.fivestartowinginc.com/%3Futm_source%3Domg-gbp%26utm_medium%3Dwebclick,2.8,9,"[""Open 24 hours""]","[""Open 24 hours""]","[""Open 24 hours""]","[""Open 24 hours""]","[""Open 24 hours""]","[""Open 24 hours""]","[""Open 24 hours""]",40.1725982,-118.4770049
Custom Towing,1125 Taylor Pl,Fallon,NV,89406,1 775-423-1777,,4.8,105,"[""Open 24 hours""]","[""Open 24 hours""]","[""Open 24 hours""]","[""Open 24 hours""]","[""Open 24 hours""]","[""Open 24 hours""]","[""Open 24 hours""]",39.4726932,-118.8041211
"D & S Tow, Inc.",3051 N Deer Run Rd,Carson City,NV,89701,1 775-883-7779,http://www.dstow.com/,3.9,84,"[""Open 24 hours""]","[""Open 24 hours""]","[""Open 24 hours""]","[""Open 24 hours""]","[""Open 24 hours""]","[""Open 24 hours""]","[""Open 24 hours""]",39.1867308,-119.7017607
"A&A Towing, Inc.",2730 Conestoga Dr,Carson City,NV,89706,1 775-882-3800,,3.1,65,"[""Open 24 hours""]","[""Open 24 hours""]","[""Open 24 hours""]","[""Open 24 hours""]","[""Open 24 hours""]","[""Open 24 hours""]","[""Open 24 hours""]",39.2048258,-119.7371037
North Shore Towing,806 Oriole Way,Incline Village,NV,89451,1 775-298-2629,http://www.nshoretow.com/,4.5,37,,,,,,,,39.2493721,-119.9610699
Big Johns Towing,1105 Industrial Rd,Boulder City,NV,89005,1 702-293-4661,,4.6,25,"[""Open 24 hours""]","[""Open 24 hours""]","[""Open 24 hours""]","[""Open 24 hours""]","[""Open 24 hours""]","[""Open 24 hours""]","[""Open 24 hours""]",35.9759479,-114.8497994
Roadway Towing and Diesel Repair,1940 Florence Wy,West Wendover,NV,89883,1 775-752-3377,https://www.roadwaytowing.com/,5,2,"[""8AM-5AM""]","[""8AM-5PM""]","[""8AM-5PM""]","[""8AM-5PM""]","[""8AM-5PM""]","[""Closed""]","[""Closed""]",40.730313,-114.079926
NextGen Rescue Towing & Roadside,1313 Boulder City Pkwy,Boulder City,NV,89005,1 725-280-4030,https://nextgenrescuetowingroadside.com/,4,4,"[""9:30AM-9:30PM""]","[""9:30AM-9:30PM""]","[""9:30AM-9:30PM""]","[""9:30AM-9:30PM""]","[""9:30AM-9:30PM""]","[""9:30AM-9:30PM""]","[""9:30AM-9:30PM""]",35.9710106,-114.8507009
Precision Towing & Recovery Inc.,1065 Hanover St Ste 2,Manchester,NH,3104,1 603-647-8260,https://www.precisiontowingnh.com/,4.1,,,,,,"[""Open 24 hours""]",,,42.9870677,-71.4190024
"Performance Towing & Recovery, LLC",5 Alpheus St,Manchester,NH,3103,1 603-644-8691,https://www.performancetowingnh.com/,3,,,,,,"[""Open 24 hours""]",,,42.9684406,-71.4550688
Express Lane Towing,485 Elm St,Manchester,NH,3103,1 603-600-6766,https://expresslanetowing.com/,4.9,,,,,,"[""Open 24 hours""]",,,42.9847636,-71.4626067
Lake County Tow Northeast,32 Cross St,Hudson,NH,3051,1 603-864-8683,https://lctownd.com/%3Futm_source%3Domg-gbp%26utm_medium%3Dwebclick,4.7,,,,,,"[""8AM-5PM""]",,,42.7569195,-71.4323688
Abbott Towing Services,,,,,1 603-320-6696,https://www.abbotttowing.com/,4.9,,,,,,"[""Open 24 hours""]",,,42.8203871,-71.392212
Premier Towing and Auto Repair,25 Commercial Dr UNIT 9,Brentwood,NH,3833,1 603-583-8195,,5,,,,,,"[""Open 24 hours""]",,,43.0052013,-71.0806068
Barrett Towing & Recovery,27 Forest Dr,Belmont,NH,3220,1 603-387-8964,https://www.facebook.com/Barrett-Towing-recovery-474687762553483/,4.9,,,,,,"[""Open 24 hours""]",,,43.4518136,-71.4426907
Queen City Towing,449 Hayward St,Manchester,NH,3103,1 603-624-6700,https://www.queencitytowingofnh.com/,4.2,,,,,,"[""Open 24 hours""]",,,42.9797964,-71.4515821
Adler Towing,327 S Rd,Salisbury,NH,3268,1 603-820-2681,https://adlerautonh.com/,4.9,,,,,,"[""5AM-12AM""]",,,43.3669941,-71.7399176
Busted Tows Towing and Recovery LLC,79 NH-123 building 2,Marlow,NH,3456,1 603-313-3197,,5,,,,,,"[""Open 24 hours""]",,,43.1008916,-72.1942056
National Wrecker Service,295 West Rd,Portsmouth,NH,3801,1 603-436-3200,https://nationalwrecker.com/%3Futm_source%3Domg-gbp%26utm_medium%3Dwebclick,3.8,,,,,,"[""Open 24 hours""]",,,43.0397172,-70.7793944
"Dana's Towing and Repair of Hampton, LLC",348 Lafayette Rd,Hampton,NH,3842,1 603-926-9781,http://danastowingandrepair.com/,3.7,,,,,,"[""8AM-5PM""]",,,42.9382178,-70.8387453
Gardner & Sons Towing & Salvage,1451 1st New Hampshire Turnpike,Northwood,NH,3261,1 603-942-5265,,3.4,,,,,,,,,43.2219619,-71.2628784
All Tow Towing and Recovery LLC,155 Battle St,Webster,NH,3303,1 603-230-2402,http://alltow-nh.com/,4.9,,,,,,"[""Open 24 hours""]",,,43.2662629,-71.7286899
"Rusty's Towing & Recovery, LLC",7 Brook Rd,Tilton,NH,3276,1 603-524-7377,http://rustystowingnh.com/,4.3,,,,,,"[""Open 24 hours""]",,,43.4724579,-71.5429564
B & B Towing Service,248 Riverside Dr,Littleton,NH,3561,1 603-444-4180,http://www.bbtowingvt.com/,4.4,,,,,,"[""8AM-5PM""]",,,44.3074977,-71.7876937
5 Star Towing LLC,134 Haines St,Nashua,NH,3060,1 603-809-6999,https://www.5startowingllc.com/,4.4,,,,,,"[""7:30AM-5PM""]",,,42.754459,-71.442753
New England Truck Center,156 Epping Rd Suite #2,Exeter,NH,3833,1 603-778-8158,https://netruckcenter.com/,3.5,,,,,,"[""Open 24 hours""]",,,42.9940581,-70.9718435
D&R Towing Inc,49 Canal St,Nashua,NH,3064,1 603-880-4757,https://drtowinginc.com/,4.2,,,,,,"[""7:30AM-5PM""]",,,42.7639784,-71.4606206
MIKES TOWING AND RECOVERY,43 Birch Dr Only Accesable from Birch Glen Dr Private Facility All Visitors Must Call Prior To Arriving,Bennington,NH,3442,1 603-554-6465,http://mikestowingandrecoverynh.com/,4.4,,,,,,"[""Open 24 hours""]",,,43.0154386,-71.8762872
Nick's 24 Hour Towing Service,158 E Passaic Ave,Rutherford,NJ,7070,1 201-935-7290,https://www.nickstowingservice.com/,4.7,1003,"[""Open 24 hours""]","[""Open 24 hours""]","[""Open 24 hours""]","[""Open 24 hours""]","[""Open 24 hours""]","[""Open 24 hours""]","[""Open 24 hours""]",40.8239622,-74.0993403
Quality 1st Towing,300 St Georges Ave,Rahway,NJ,7065,1 732-540-7500,https://quality1sttowing.com/,4.9,5841,"[""Open 24 hours""]","[""Open 24 hours""]","[""Open 24 hours""]","[""Open 24 hours""]","[""Open 24 hours""]","[""Open 24 hours""]","[""Open 24 hours""]",40.5960091,-74.2908747
DAVES AUTO AND TOWING,1158 Amboy Ave,Edison,NJ,8837,1 732-549-0396,,4.4,59,"[""Open 24 hours""]","[""Open 24 hours""]","[""Open 24 hours""]","[""Open 24 hours""]","[""Open 24 hours""]","[""Open 24 hours""]","[""Open 24 hours""]",40.5365773,-74.3457717
AZ Towing 24/7 in Plainfield New Jersey,316 Plainfield Ave,Plainfield,NJ,7060,1 908-977-0834,http://aztowing-us.com/,4.6,85,"[""Open 24 hours""]","[""Open 24 hours""]","[""Open 24 hours""]","[""Open 24 hours""]","[""Open 24 hours""]","[""Open 24 hours""]","[""Open 24 hours""]",40.6111384,-74.4280401
Quality Towing NJ,523 Delsea Dr,Sewell,NJ,8080,1 856-723-9539,http://qualitytowingnj.com/,4.8,1417,"[""Open 24 hours""]","[""Open 24 hours""]","[""Open 24 hours""]","[""Open 24 hours""]","[""Open 24 hours""]","[""Open 24 hours""]","[""Open 24 hours""]",39.7549242,-75.1111299
"Tuminos Towing, Inc - North Bergen",5419 Tonnelle Ave,North Bergen,NJ,7047,1 201-864-3700,http://www.tuminostowing.com/,4.7,778,"[""Open 24 hours""]","[""Open 24 hours""]","[""Open 24 hours""]","[""Open 24 hours""]","[""Open 24 hours""]","[""Open 24 hours""]","[""Open 24 hours""]",40.7901419,-74.0293638
King Towing,25 Tyson Ln,Jersey City,NJ,7304,1 201-792-1000,,2.9,211,"[""Open 24 hours""]","[""Open 24 hours""]","[""Open 24 hours""]","[""Open 24 hours""]","[""Open 24 hours""]","[""Open 24 hours""]","[""Open 24 hours""]",40.7185048,-74.0770788
EZ Roadside Assistance and Towing,,,,,1 862-520-9829,http://myroadsideguy.services/,5,113,"[""Open 24 hours""]","[""Open 24 hours""]","[""Open 24 hours""]","[""Open 24 hours""]","[""Open 24 hours""]","[""Open 24 hours""]","[""Open 24 hours""]",40.504705,-74.466828
Tow Truck Newark NJ,,,,,1 201-381-4778,https://towtrucknewarknj.com/,4.1,46,"[""Open 24 hours""]","[""Open 24 hours""]","[""Open 24 hours""]","[""Open 24 hours""]","[""Open 24 hours""]","[""Open 24 hours""]","[""Open 24 hours""]",40.791669,-74.245098
Noll Brothers Towing,270 Middlesex Turnpike,Iselin,NJ,8830,1 732-855-1573,https://nollbrotherstowing.com/%3Futm_source%3Domg-gbp%26utm_medium%3Dwebclick,3.6,243,"[""Open 24 hours""]","[""Open 24 hours""]","[""Open 24 hours""]","[""Open 24 hours""]","[""Open 24 hours""]","[""Open 24 hours""]","[""Open 24 hours""]",40.5722639,-74.3220036
Silvera’s Towing,4400 Tonnelle Ave,North Bergen,NJ,7047,1 201-416-3992,http://www.silverastowing.com/,4.9,125,"[""Open 24 hours""]","[""Open 24 hours""]","[""Open 24 hours""]","[""Open 24 hours""]","[""Open 24 hours""]","[""Open 24 hours""]","[""Open 24 hours""]",40.783901,-74.0338335
My Way Towing,770 Tonnelle Ave,Jersey City,NJ,7307,1 201-653-2857,https://www.towingjerseycity.com/,4.5,154,"[""Open 24 hours""]","[""Open 24 hours""]","[""Open 24 hours""]","[""Open 24 hours""]","[""Open 24 hours""]","[""Open 24 hours""]","[""Open 24 hours""]",40.7563533,-74.0543627
Ford's Towing and Recovery LLC,344 Bloomsbury Rd,Asbury,NJ,8802,1 908-341-3339,http://fordstowingandrecoveryllc.com/,5,274,"[""Open 24 hours""]","[""Open 24 hours""]","[""Open 24 hours""]","[""Open 24 hours""]","[""Open 24 hours""]","[""Open 24 hours""]","[""Open 24 hours""]",40.6334935,-75.0520235
K&J Towing And Auto Repair,44 Luther Ave,Hopelawn,NJ,8861,1 848-466-0491,,3.9,44,"[""Open 24 hours""]","[""Open 24 hours""]","[""Open 24 hours""]","[""Open 24 hours""]","[""Open 24 hours""]","[""Open 24 hours""]","[""Open 24 hours""]",40.5261528,-74.2917272
All American Towing,,,,,1 732-575-9796,https://allamericantowingnj.com/,4.9,207,"[""Open 24 hours""]","[""Open 24 hours""]","[""Open 24 hours""]","[""Open 24 hours""]","[""Open 24 hours""]","[""Open 24 hours""]","[""Open 24 hours""]",39.950211,-74.2739855
AJ's Towing & Recovery,126 Washington Ave,Nutley,NJ,7110,1 973-914-3535,https://ajstowingandrecovery247.com/%3Futm_source%3Domg-gbp%26utm_medium%3Dwebclick,2.7,69,"[""Open 24 hours""]","[""Open 24 hours""]","[""Open 24 hours""]","[""Open 24 hours""]","[""Open 24 hours""]","[""Open 24 hours""]","[""Open 24 hours""]",40.8101602,-74.1449393
Dudley's Towing,,,,,1 609-283-4337,,5,47,"[""Open 24 hours""]","[""Open 24 hours""]","[""Open 24 hours""]","[""Open 24 hours""]","[""Open 24 hours""]","[""Open 24 hours""]","[""Open 24 hours""]",39.9751075,-74.478866
Right On Time Towing & Roadside Assistance,256 Elizabeth Ave,Newark,NJ,7112,1 973-738-2681,https://www.rightontimeauto.com/,4.8,78,"[""Open 24 hours""]","[""Open 24 hours""]","[""Open 24 hours""]","[""Open 24 hours""]","[""Open 24 hours""]","[""Open 24 hours""]","[""Open 24 hours""]",40.7134172,-74.1928625
"Polina Towing Service | Heavy Duty Towing I Emergency Road Assistance, & Vehicle Recovery in New Jersey",815-837 E St Georges Ave,Linden,NJ,7036,1 908-357-0903,https://www.polinatransporterllc.com/,5,78,"[""Open 24 hours""]","[""Open 24 hours""]","[""Open 24 hours""]","[""Open 24 hours""]","[""Open 24 hours""]","[""Open 24 hours""]","[""Open 24 hours""]",40.6549435,-74.2325442
J Towing Services LLC,323 NJ-34,Matawan,NJ,7747,1 732-503-9008,https://www.j-towing.com/,5,42,"[""Open 24 hours""]","[""Open 24 hours""]","[""Open 24 hours""]","[""Open 24 hours""]","[""Open 24 hours""]","[""Open 24 hours""]","[""Open 24 hours""]",40.424912,-74.2722529
Reliable Towing & Recovery,7624 Baca Ln,Santa Fe,NM,87507,1 505-424-1100,https://santafetow.net/,4.9,494,"[""Open 24 hours""]","[""Open 24 hours""]","[""Open 24 hours""]","[""Open 24 hours""]","[""Open 24 hours""]","[""Open 24 hours""]","[""Open 24 hours""]",35.6348014,-106.0705088
Knittles Towing Services,2412 Jefferson St NE,Albuquerque,NM,87110,1 505-884-5289,https://knittlestowing.com/,4,347,"[""Open 24 hours""]","[""Open 24 hours""]","[""Open 24 hours""]","[""Open 24 hours""]","[""Open 24 hours""]","[""Open 24 hours""]","[""Open 24 hours""]",35.106419,-106.59302
Madrid Towing Service,3310 San Ygnacio Rd SW,Albuquerque,NM,87121,1 505-248-1825,http://www.madridtowing.com/,3.6,148,"[""Open 24 hours""]","[""Open 24 hours""]","[""Open 24 hours""]","[""Open 24 hours""]","[""Open 24 hours""]","[""Open 24 hours""]","[""Open 24 hours""]",35.0639104,-106.7045806
Macy's Towing LLC,106 Rio Bravo Blvd SE,Albuquerque,NM,87105,1 505-250-0295,https://www.macystowingabq.com/,4.7,449,"[""Open 24 hours""]","[""Open 24 hours""]","[""Open 24 hours""]","[""Open 24 hours""]","[""Open 24 hours""]","[""Open 24 hours""]","[""Open 24 hours""]",35.026652,-106.6570266
Action Towing and Rescue,5214 Quesenberry Ln B,Las Cruces,NM,88007,1 575-523-9337,https://actiontowingandrescue.com/,4.8,677,"[""Open 24 hours""]","[""Open 24 hours""]","[""Open 24 hours""]","[""Open 24 hours""]","[""Open 24 hours""]","[""Open 24 hours""]","[""Open 24 hours""]",32.3006287,-106.8550832
"Dugger Services, Inc.",7601-B San Pedro Dr NE,Albuquerque,NM,87109,1 505-823-9696,https://duggerservices.com/,4.6,3450,"[""Open 24 hours""]","[""Open 24 hours""]","[""Open 24 hours""]","[""Open 24 hours""]","[""Open 24 hours""]","[""Open 24 hours""]","[""Open 24 hours""]",35.1673669,-106.5778353
"Statewide Towing & Recovery, LLC",5631 Broadway Blvd SE,Albuquerque,NM,87105,1 505-934-7126,https://statewidetowingnm.com/,4.8,51,"[""Open 24 hours""]","[""Open 24 hours""]","[""Open 24 hours""]","[""Open 24 hours""]","[""Open 24 hours""]","[""Open 24 hours""]","[""Open 24 hours""]",34.9963388,-106.6540393
Highway Towing LLC,1355 NM-116,Belen,NM,87002,1 505-900-2206,https://highwaytowing.net/,4.8,53,"[""Open 24 hours""]","[""Open 24 hours""]","[""Open 24 hours""]","[""Open 24 hours""]","[""Open 24 hours""]","[""Open 24 hours""]","[""Open 24 hours""]",34.6202626,-106.7768438
Northern New Mexico Towing,,,,,1 505-920-0623,,4.5,24,"[""Open 24 hours""]","[""Open 24 hours""]","[""Open 24 hours""]","[""Open 24 hours""]","[""Open 24 hours""]","[""Open 24 hours""]","[""Open 24 hours""]",36.014036,-105.8981966
"Acme Towing & Recovery, Inc.",8705 Broadway Blvd SE A,Albuquerque,NM,87105,1 505-836-2000,http://www.acmetow.com/,3.5,171,"[""8AM-5PM""]","[""8AM-5PM""]","[""8AM-5PM""]","[""8AM-5PM""]","[""8AM-5PM""]","[""Closed""]","[""Closed""]",34.9672007,-106.6602622
J & M Discount Towing,109 Headingly Ave NW,Albuquerque,NM,87107,1 505-341-0800,https://jmdiscounttowing.com/%3Futm_source%3Dgbp%26utm_medium%3Dwebclick,4.1,320,"[""8AM-5PM""]","[""8AM-5PM""]","[""8AM-5PM""]","[""Open 24 hours""]","[""Open 24 hours""]","[""Closed""]","[""Closed""]",35.122867,-106.638767
TNT TOWING SERVICES,771 W 8th St,Vaughn,NM,88353,1 505-515-8059,,4.7,104,"[""Open 24 hours""]","[""Open 24 hours""]","[""Open 24 hours""]","[""Open 24 hours""]","[""Open 24 hours""]","[""Open 24 hours""]","[""Open 24 hours""]",34.6020118,-105.2129345
Handyman Towing,203s Jefferson Ave,Grady,NM,88120,1 575-404-8506,https://www.handymantowing.com/,5,26,"[""Open 24 hours""]","[""Open 24 hours""]","[""Open 24 hours""]","[""Open 24 hours""]","[""Open 24 hours""]","[""Open 24 hours""]","[""Open 24 hours""]",34.8222091,-103.3161757
J&E Towing LLC,3330 10th Ave NE,Rio Rancho,NM,87144,1 505-350-1116,,4.6,218,"[""Open 24 hours""]","[""Open 24 hours""]","[""Open 24 hours""]","[""Open 24 hours""]","[""Open 24 hours""]","[""Open 24 hours""]","[""Open 24 hours""]",35.2758566,-106.6684237
Elite Wrecker Service,2622 S Canal St,Carlsbad,NM,88220,1 575-234-1533,http://www.elitewreckerservice.com/,3.5,192,"[""Open 24 hours""]","[""Open 24 hours""]","[""Open 24 hours""]","[""Open 24 hours""]","[""Open 24 hours""]","[""Open 24 hours""]","[""Open 24 hours""]",32.392929,-104.2183303
Alert Towing LLC,3961 San Felipe Rd,Santa Fe,NM,87507,1 505-470-8282,,4.5,280,"[""Open 24 hours""]","[""Open 24 hours""]","[""Open 24 hours""]","[""Open 24 hours""]","[""Open 24 hours""]","[""Open 24 hours""]","[""Open 24 hours""]",35.6363038,-106.051655
A & A Towing Company,26 NM-122,Continental Divide,NM,87312,1 505-862-7114,https://a-atowing.com/%3Futm_source%3Dlocal%26utm_medium%3Dorganic%26utm_content%3Dgmb,4.7,86,"[""Open 24 hours""]","[""Open 24 hours""]","[""Open 24 hours""]","[""Open 24 hours""]","[""Open 24 hours""]","[""Open 24 hours""]","[""Open 24 hours""]",35.4261984,-108.3162934
All Pro Towing & Recovery Inc.,3008 2nd St NW,Albuquerque,NM,87107,1 505-639-3087,http://www.allprotowingnm.com/,4.6,195,"[""6AM-11PM""]","[""6AM-11PM""]","[""6AM-11PM""]","[""6AM-11PM""]","[""6AM-11PM""]","[""6AM-11PM""]","[""6AM-11PM""]",35.1158899,-106.6419277
Santa Fe Tow,8000 Jacs Ln NE,Albuquerque,NM,87113,1 505-344-3117,,3.9,248,"[""9AM-5PM""]","[""9AM-5PM""]","[""9AM-5PM""]","[""9AM-5PM""]","[""9AM-5PM""]","[""Closed""]","[""Closed""]",35.1727431,-106.6065213
"Valley Impound, Inc.",8705 Broadway Blvd SE,Albuquerque,NM,87105,1 505-877-0777,https://valleyimpound.com/,3.4,19,"[""7:30AM-5:30PM""]","[""7:30AM-5:30PM""]","[""7:30AM-5:30PM""]","[""7:30AM-5:30PM""]","[""7:30AM-5:30PM""]","[""Closed""]","[""Closed""]",34.9669398,-106.6622717
New York Towing And Recovery,37-43 11th St,Long Island City,NY,11101,1 646-228-2849,https://newyorktowing.net/%3Futm_source%3Dsemrush_local_listings,4.6,97,"[""Open 24 hours""]","[""Open 24 hours""]","[""Open 24 hours""]","[""Open 24 hours""]","[""Open 24 hours""]","[""Open 24 hours""]","[""Open 24 hours""]",40.7583313,-73.9412006
All Magic Towing,518 W 44th St,New York,NY,10036,1 917-693-4333,http://www.allmagictowing.com/,4.7,104,"[""Open 24 hours""]","[""Open 24 hours""]","[""Open 24 hours""]","[""Open 24 hours""]","[""Open 24 hours""]","[""Open 24 hours""]","[""Open 24 hours""]",40.761182,-73.995732
New York City Towing,1871 Park Ave,New York,NY,10035,1 646-779-1758,http://towingny.com/,4.5,23,"[""Open 24 hours""]","[""Open 24 hours""]","[""Open 24 hours""]","[""Open 24 hours""]","[""Open 24 hours""]","[""Open 24 hours""]","[""Open 24 hours""]",40.8066031,-73.9374976
Big City Towing Service Inc,136 Madison Ave 5th Floor,New York,NY,10016,1 917-547-2215,https://bigcitytowingservices.com/,5,84,"[""Open 24 hours""]","[""Open 24 hours""]","[""Open 24 hours""]","[""Open 24 hours""]","[""Open 24 hours""]","[""Open 24 hours""]","[""Open 24 hours""]",40.7462357,-73.9844308
A1 towing & collision Inc,608 W 47th St,New York,NY,10036,1 646-542-0049,https://towtruck.nyc/,4.3,191,"[""Open 24 hours""]","[""Open 24 hours""]","[""Open 24 hours""]","[""Open 24 hours""]","[""Open 24 hours""]","[""Open 24 hours""]","[""Open 24 hours""]",40.7644415,-73.9967237
Louie Towing Brooklyn,220 Park Ave,Brooklyn,NY,11205,1 718-877-0523,https://www.louietowingbrooklyn.com/,4.8,504,"[""Open 24 hours""]","[""Open 24 hours""]","[""Open 24 hours""]","[""Open 24 hours""]","[""Open 24 hours""]","[""Open 24 hours""]","[""Open 24 hours""]",40.6956262,-73.9697565
NYC Auto Towing Inc,324 E 95th St,New York,NY,10128,1 212-695-5555,https://www.nycautotowingllc.com/,4.7,32,"[""Open 24 hours""]","[""Open 24 hours""]","[""Open 24 hours""]","[""Open 24 hours""]","[""Open 24 hours""]","[""Open 24 hours""]","[""Open 24 hours""]",40.7828222,-73.9463837
A-1 Towing & Auto Repair Inc,528 W 39th St,New York,NY,10018,1 212-695-3157,https://a1towingnyc.com/,3.4,69,"[""8AM-8PM""]","[""8AM-8PM""]","[""8AM-8PM""]","[""8AM-8PM""]","[""8AM-8PM""]","[""8AM-8PM""]","[""8AM-8PM""]",40.7582089,-73.9986104
Jets Towing Inc,918 E 51st St,Brooklyn,NY,11203,1 718-251-7200,https://www.jetstowing.com/,3.9,261,"[""Open 24 hours""]","[""Open 24 hours""]","[""Open 24 hours""]","[""Open 24 hours""]","[""Open 24 hours""]","[""Open 24 hours""]","[""Open 24 hours""]",40.638609,-73.9282549
Manhattan Bridge Towing,155 Bowery,New York,NY,10013,1 646-259-3783,http://www.manhattanbridgetowing.com/,4.9,86,"[""Open 24 hours""]","[""Open 24 hours""]","[""Open 24 hours""]","[""Open 24 hours""]","[""Open 24 hours""]","[""Open 24 hours""]","[""Open 24 hours""]",40.719466,-73.9940625
Hook & Go Towing service,842 5th Ave,Brooklyn,NY,11232,1 917-704-5949,https://hookandgotowingnyc.com/,4.4,88,"[""Open 24 hours""]","[""Open 24 hours""]","[""Open 24 hours""]","[""Open 24 hours""]","[""Open 24 hours""]","[""Open 24 hours""]","[""Open 24 hours""]",40.652879,-74.0025609
Cheap Towing,30-18 37th Ave,Queens,NY,11101,1 718-400-7058,https://cheaptowing24hr.com/%3Futm_source%3Domg-gbp%26utm_medium%3Dwebclick,4.4,129,"[""Open 24 hours""]","[""Open 24 hours""]","[""Open 24 hours""]","[""Open 24 hours""]","[""Open 24 hours""]","[""Open 24 hours""]","[""Open 24 hours""]",40.7549209,-73.9313668
Towing Brooklyn NY,,,,,1 718-210-3888,http://emergency-towing.com/,4.6,98,"[""Open 24 hours""]","[""Open 24 hours""]","[""Open 24 hours""]","[""Open 24 hours""]","[""Open 24 hours""]","[""Open 24 hours""]","[""Open 24 hours""]",40.6971415,-73.979506
A & T Towing,26 Navy St,Brooklyn,NY,11201,1 347-997-9370,,2.3,418,"[""Open 24 hours""]","[""Open 24 hours""]","[""Open 24 hours""]","[""Open 24 hours""]","[""Open 24 hours""]","[""Open 24 hours""]","[""12-5AM""]",40.700159,-73.9802937
Car Towing LLC,55 West St,New York,NY,10006,1 646-779-4791,http://cartowingllc.com/%3Futm_source%3Domg-gbp%26utm_medium%3Dwebclick,5,53,"[""Open 24 hours""]","[""Open 24 hours""]","[""Open 24 hours""]","[""Open 24 hours""]","[""Open 24 hours""]","[""Open 24 hours""]","[""Open 24 hours""]",40.7087208,-74.0154945
Manhattan Towing Company,,,,,1 917-473-9899,https://manhattantowingcompany.com/,4.6,108,"[""Open 24 hours""]","[""Open 24 hours""]","[""Open 24 hours""]","[""Open 24 hours""]","[""Open 24 hours""]","[""Open 24 hours""]","[""Open 24 hours""]",40.6971415,-73.979506
RDZ Towing service 24/7,W Illinois Ave,Dallas,TX,75211,1 469-996-1956,https://www.facebook.com/profile.php%3Fid%3D100066620044024%26open_field%3Dwebsite%26sk%3Dabout_contact_and_basic_info,5,139,"[""Open 24 hours""]","[""Open 24 hours""]","[""Open 24 hours""]","[""Open 24 hours""]","[""Open 24 hours""]","[""Open 24 hours""]","[""Open 24 hours""]",32.7468382,-96.8300782
Skyline Towing Inc,100 Church St,New York,NY,10007,1 646-920-1996,https://skylinetowingservices.com/,5,13,"[""Open 24 hours""]","[""Open 24 hours""]","[""Open 24 hours""]","[""Open 24 hours""]","[""Open 24 hours""]","[""Open 24 hours""]","[""Open 24 hours""]",40.7130633,-74.0096094
Amazing Towing Inc.,14 Clinton Ave,Brooklyn,NY,11205,1 917-828-0260,http://www.amazingtowingnyc.com/,4.6,53,,,,,,,,40.697343,-73.969815
First Star Towing Inc. - New York,433 W 218th St,New York,NY,10034,1 212-942-2944,https://www.towingservicenewyork.com/,3.1,34,"[""Open 24 hours""]","[""Open 24 hours""]","[""Open 24 hours""]","[""Open 24 hours""]","[""Open 24 hours""]","[""Open 24 hours""]","[""Open 24 hours""]",40.8712362,-73.9134935
NC Towing & Recovery,2550 N Garnett St,Henderson,NC,27537,1 252-226-2400,http://www.nctow.com/,4.6,58,"[""Open 24 hours""]","[""Open 24 hours""]","[""Open 24 hours""]","[""Open 24 hours""]","[""Open 24 hours""]","[""Open 24 hours""]","[""Open 24 hours""]",36.35133,-78.3765332
East Coast Towing,100 Rupert Rd,Raleigh,NC,27603,1 919-355-9675,https://eastcoasttowing.com/,4.8,1493,"[""Open 24 hours""]","[""Open 24 hours""]","[""Open 24 hours""]","[""Open 24 hours""]","[""Open 24 hours""]","[""Open 24 hours""]","[""Open 24 hours""]",35.7164742,-78.6646545
Raleigh Towing & Recovery,1625 Navaho Dr,Raleigh,NC,27609,1 919-838-8845,https://raleightowingnc.com/,4.3,419,"[""Open 24 hours""]","[""Open 24 hours""]","[""Open 24 hours""]","[""Open 24 hours""]","[""Open 24 hours""]","[""Open 24 hours""]","[""Open 24 hours""]",35.8227465,-78.6119696
Barbour's Towing & Truck Repair,300 S Rogers Ln,Raleigh,NC,27610,1 919-790-3827,https://barbourstowing.com/,4.3,1019,"[""Open 24 hours""]","[""Open 24 hours""]","[""Open 24 hours""]","[""Open 24 hours""]","[""Open 24 hours""]","[""Open 24 hours""]","[""Open 24 hours""]",35.7730536,-78.554027
Bobby's Friendly Towing & Recovery,136 Montlieu Ave,Greensboro,NC,27409,1 336-854-1410,https://bobbysfriendlytowing.com/,4.4,736,"[""Open 24 hours""]","[""Open 24 hours""]","[""Open 24 hours""]","[""Open 24 hours""]","[""Open 24 hours""]","[""Open 24 hours""]","[""Open 24 hours""]",36.0693085,-79.8865719
Lee's 24 Hr Towing Inc,4430 Hillsborough Rd,Durham,NC,27705,1 919-382-5583,https://lees24hrtowing.com/,4.5,180,"[""Open 24 hours""]","[""Open 24 hours""]","[""Open 24 hours""]","[""Open 24 hours""]","[""Open 24 hours""]","[""Open 24 hours""]","[""Open 24 hours""]",36.0338124,-78.9736353
Lizard Lick Towing & Recovery,2605 NC-97 Hwy,Wendell,NC,27591,1 919-365-4388,http://www.lizardlicktowing.com/,4.4,1199,"[""Open 24 hours""]","[""Open 24 hours""]","[""Open 24 hours""]","[""Open 24 hours""]","[""Open 24 hours""]","[""Open 24 hours""]","[""Closed""]",35.8162074,-78.3753671
Nick's Towing & roadside (( we buy cars running or not )),1711 Lake Wheeler Rd,Raleigh,NC,27603,1 919-771-6701,http://nickstowingandroadside.com/,5,1101,"[""7AM-2AM""]","[""7AM-2AM""]","[""7AM-12AM""]","[""Open 24 hours""]","[""Open 24 hours""]","[""Open 24 hours""]","[""Open 24 hours""]",35.7597398,-78.6613229
Campbell Wrecker Services Inc.,128 Vernie Phillips Rd,Bear Creek,NC,27207,1 919-898-4913,,5,91,"[""Open 24 hours""]","[""Open 24 hours""]","[""Open 24 hours""]","[""Open 24 hours""]","[""Open 24 hours""]","[""Open 24 hours""]","[""Open 24 hours""]",35.6058706,-79.321756
Fletcher Towing,419 Butler Bridge Rd,Fletcher,NC,28732,1 828-684-6300,https://www.fletchertowingnc.com/,4.7,52,"[""Open 24 hours""]","[""Open 24 hours""]","[""Open 24 hours""]","[""Open 24 hours""]","[""Open 24 hours""]","[""Open 24 hours""]","[""Open 24 hours""]",35.4062334,-82.5199789
All Over Towing Inc,150 Peddycord Park Dr,Kernersville,NC,27284,1 336-218-3240,https://www.allovertow.com/,4.8,938,,,,,,,,36.1255593,-80.1529738
Thomas Towing & Transport,118 Harley Rd,Wilmington,NC,28405,1 910-399-7119,http://thomastows.com/,4.7,300,"[""Open 24 hours""]","[""Open 24 hours""]","[""Open 24 hours""]","[""Open 24 hours""]","[""Open 24 hours""]","[""Open 24 hours""]","[""Open 24 hours""]",34.2557211,-77.8504188
Bullcity Towing & Services,2119 Angier Ave,Durham,NC,27703,1 919-381-2850,https://bullcitytowing.com/,5,154,"[""Open 24 hours""]","[""Open 24 hours""]","[""Open 24 hours""]","[""Open 24 hours""]","[""Open 24 hours""]","[""Open 24 hours""]","[""Open 24 hours""]",35.9818573,-78.8762764
Matthew's Towing LLC,1021 Lemon Dr,Durham,NC,27703,1 919-641-9954,,5,53,"[""Open 24 hours""]","[""Open 24 hours""]","[""Open 24 hours""]","[""Open 24 hours""]","[""Open 24 hours""]","[""Open 24 hours""]","[""Open 24 hours""]",35.9384605,-78.8270491
Mike's Towing & Transport,,,,,1 919-433-7712,https://mikestowingtransportllc.com/,4.9,76,"[""Open 24 hours""]","[""Open 24 hours""]","[""Open 24 hours""]","[""Open 24 hours""]","[""Open 24 hours""]","[""Open 24 hours""]","[""Open 24 hours""]",35.6342275,-78.738366
Durham Towing Company,3329 Durham-Chapel Hill Blvd #200F,Durham,NC,27707,1 919-805-3344,https://www.durhamtowingcompany.com/,3.8,53,"[""Open 24 hours""]","[""Open 24 hours""]","[""Open 24 hours""]","[""Open 24 hours""]","[""Open 24 hours""]","[""Open 24 hours""]","[""Open 24 hours""]",35.9709968,-78.9457246
JB Roadside,15000 Weston Pkwy,Cary,NC,27513,1 919-909-0201,https://jbroadside.com/,5,181,"[""7:30AM-7PM""]","[""7:30AM-9:30PM""]","[""7:30AM-7:30PM""]","[""7:30AM-7PM""]","[""7:30AM-7PM""]","[""7:30AM-7:30PM""]","[""7AM-5PM""]",35.8162877,-78.814075
Quick Tow Towing,301 Circle Ln,Raleigh,NC,27603,1 888-694-6468,https://quicktowrdu.com/,4.8,133,"[""Open 24 hours""]","[""Open 24 hours""]","[""Open 24 hours""]","[""Open 24 hours""]","[""Open 24 hours""]","[""Open 24 hours""]","[""Open 24 hours""]",35.7323663,-78.6487167
CPR Towing & Truck Repair,2209 Dominion St Suite 100,Durham,NC,27704,1 919-220-0800,https://cprtowinginc.com/,4.3,193,"[""Open 24 hours""]","[""Open 24 hours""]","[""Open 24 hours""]","[""Open 24 hours""]","[""Open 24 hours""]","[""Open 24 hours""]","[""Open 24 hours""]",36.0201211,-78.8804949
Dakota Towing,2031 Lovett Ave,Bismarck,ND,58504,1 701-203-3770,http://dakotatowing.com/,4.4,99,"[""Open 24 hours""]","[""Open 24 hours""]","[""Open 24 hours""]","[""Open 24 hours""]","[""Open 24 hours""]","[""Open 24 hours""]","[""Open 24 hours""]",46.7929664,-100.7597965
All Pro Towing LLC,"ALL PRO TOWING All Pro Towing Center, 3201 39th St S",Fargo,ND,58104,1 701-541-3900,http://allprosemitowingandrecovery.com/,4.3,527,"[""Open 24 hours""]","[""Open 24 hours""]","[""Open 24 hours""]","[""Open 24 hours""]","[""Open 24 hours""]","[""Open 24 hours""]","[""Open 24 hours""]",46.8318906,-96.8465923
Interstate Towing & Recovery,2475 N 42nd St,Grand Forks,ND,58203,1 701-772-6592,http://towingnd.com/,4.2,226,"[""Open 24 hours""]","[""Open 24 hours""]","[""Open 24 hours""]","[""Open 24 hours""]","[""Open 24 hours""]","[""Open 24 hours""]","[""Open 24 hours""]",47.9445422,-97.0886836
Nordic Towing,2520 S Washington St,Grand Forks,ND,58201,1 833-667-3421,http://www.nordictowing.com/,4.8,497,"[""Open 24 hours""]","[""Open 24 hours""]","[""Open 24 hours""]","[""Open 24 hours""]","[""Open 24 hours""]","[""Open 24 hours""]","[""Open 24 hours""]",47.8955727,-97.0462424
Northland Towing,4021 Main Ave C,Fargo,ND,58103,1 218-236-4958,https://www.brennansgarage.com/northland-towing/3775384%3Fdm_device%3Ddesktop,3.4,90,"[""8AM-6PM""]","[""8AM-6PM""]","[""8AM-6PM""]","[""8AM-6PM""]","[""8AM-6PM""]","[""Closed""]","[""Closed""]",46.8771937,-96.8475358
"A&W Towing and Recovery, Inc.",8850 41st St NW,New Town,ND,58763,1 701-629-6077,https://awtowingandrecoveryinc.com/,4.5,48,"[""Open 24 hours""]","[""Open 24 hours""]","[""Open 24 hours""]","[""Open 24 hours""]","[""Open 24 hours""]","[""Open 24 hours""]","[""Open 24 hours""]",48.0077133,-102.4848175
Red Top Towing And Recovery,814 W Main St,Mandan,ND,58554,1 701-751-1479,https://redtoprecovery.com/%3Futm_source%3Domg-gbp%26utm_medium%3Dwebclick,4.9,270,"[""Open 24 hours""]","[""Open 24 hours""]","[""Open 24 hours""]","[""Open 24 hours""]","[""Open 24 hours""]","[""Open 24 hours""]","[""Open 24 hours""]",46.8252168,-100.9012689
701 Towing and Recovery,9301 Mahlum Ct,Grand Forks,ND,58201,1 701-620-1392,https://www.701towing.com/,5,72,"[""Open 24 hours""]","[""Open 24 hours""]","[""Open 24 hours""]","[""Open 24 hours""]","[""Open 24 hours""]","[""Open 24 hours""]","[""Open 24 hours""]",47.9145953,-97.1692899
Brady's Towing and Recovery,3278 125th Ave NW 13430 US HWY 85 Arnegard ND 58835,Watford City,ND,58854,1 701-609-8055,https://bradystowingnd.com/%3Futm_source%3Domg-gbp%26utm_medium%3Dwebclick,4.7,124,"[""Open 24 hours""]","[""Open 24 hours""]","[""Open 24 hours""]","[""Open 24 hours""]","[""Open 24 hours""]","[""Open 24 hours""]","[""Open 24 hours""]",47.8883633,-103.2606615
Ace 24 Hour Towing,910 Industrial Dr,Bismarck,ND,58501,1 701-258-0451,https://ace24towing.com/,3.8,78,"[""Open 24 hours""]","[""Open 24 hours""]","[""Open 24 hours""]","[""Open 24 hours""]","[""Open 24 hours""]","[""Open 24 hours""]","[""Open 24 hours""]",46.8145574,-100.7323336
"Jim's Towing, Inc",13360 57th St NW,Williston,ND,58801,1 701-577-0277,,4.9,32,"[""Open 24 hours""]","[""Open 24 hours""]","[""Open 24 hours""]","[""Open 24 hours""]","[""Open 24 hours""]","[""Open 24 hours""]","[""Open 24 hours""]",48.2404495,-103.5743283
Ole Olson's Towing & Recovery,420 41st St SE,Minot,ND,58701,1 701-852-2525,http://www.oleolsonstowing.com/,4.2,86,,,,,,,,48.2322176,-101.232975
BSH Towing and Recovery,,,,,1 701-409-0379,http://www.bshtowing.com/,4.9,172,"[""Open 24 hours""]","[""Open 24 hours""]","[""Open 24 hours""]","[""Open 24 hours""]","[""Open 24 hours""]","[""Open 24 hours""]","[""Open 24 hours""]",48.1649809,-103.285335
R & J's Towing & Recovery / Mobile Truck Repair,2001 24th Ave SE,Minot,ND,58701,1 701-852-0901,http://rjstow.com/,4.1,83,"[""Open 24 hours""]","[""Open 24 hours""]","[""Open 24 hours""]","[""Open 24 hours""]","[""Open 24 hours""]","[""Open 24 hours""]","[""Open 24 hours""]",48.2087731,-101.2632701
Harry's Towing,4021 Main Ave C,Fargo,ND,58103,1 701-277-1263,https://www.brennansgarage.com/harrys-impound/3776725,3.3,98,"[""Open 24 hours""]","[""Open 24 hours""]","[""Open 24 hours""]","[""Open 24 hours""]","[""Open 24 hours""]","[""Open 24 hours""]","[""Open 24 hours""]",46.8770462,-96.8478029
Yuker Towing & Repair LLC,876 E Broadway St,Dickinson,ND,58601,1 701-805-8425,,4.3,71,"[""Open 24 hours""]","[""Open 24 hours""]","[""Open 24 hours""]","[""Open 24 hours""]","[""Open 24 hours""]","[""Open 24 hours""]","[""Open 24 hours""]",46.8749906,-102.7731846
Code Red Towing of North Dakota,1304 4th Ave NE,Watford City,ND,58854,1 701-300-1130,https://coderedtowing.com/%3Futm_source%3Domg-gbp%26utm_medium%3Dwebclick,4.7,38,"[""Open 24 hours""]","[""Open 24 hours""]","[""Open 24 hours""]","[""Open 24 hours""]","[""Open 24 hours""]","[""Open 24 hours""]","[""Open 24 hours""]",47.8058193,-103.2586179
"A&W Towing and Recovery, Inc.",109 46th St N,Karlsruhe,ND,58744,1 701-626-2637,http://awtow.com/,4.9,22,"[""Open 24 hours""]","[""Open 24 hours""]","[""Open 24 hours""]","[""Open 24 hours""]","[""Open 24 hours""]","[""Open 24 hours""]","[""Open 24 hours""]",48.08204,-100.60786
Ed's Towing Service,2848 22nd Ave S,Moorhead,MN,56560,1 218-233-7740,http://edstowing.com/,4.7,933,"[""Open 24 hours""]","[""Open 24 hours""]","[""Open 24 hours""]","[""Open 24 hours""]","[""Open 24 hours""]","[""Open 24 hours""]","[""Open 24 hours""]",46.8540226,-96.7342691
Fargo Towing Company,108 4th St S,Fargo,ND,58103,1 701-291-7937,http://fargotowing.company/,4.5,19,"[""Open 24 hours""]","[""Open 24 hours""]","[""Open 24 hours""]","[""Open 24 hours""]","[""Open 24 hours""]","[""Open 24 hours""]","[""Open 24 hours""]",46.8729916,-96.7847258
OHIO Tow,320 London Rd Suite 501B,Delaware,OH,43015,1 740-990-1257,http://www.ohitow.com/,3.2,213,"[""Open 24 hours""]","[""Open 24 hours""]","[""Open 24 hours""]","[""Open 24 hours""]","[""Open 24 hours""]","[""Open 24 hours""]","[""Open 24 hours""]",40.292683,-83.081092
World Truck Towing & Recovery,4970 Park Ave W,Seville,OH,44273,1 800-886-1116,https://www.a1worldtruck.com/,4.8,936,"[""Open 24 hours""]","[""Open 24 hours""]","[""Open 24 hours""]","[""Open 24 hours""]","[""Open 24 hours""]","[""Open 24 hours""]","[""Open 24 hours""]",41.0340375,-81.8676307
Broad & James Towing,4301 E 5th Ave,Columbus,OH,43219,1 614-231-8697,https://broadandjames.com/%3Futm_source%3Domg-gbp%26utm_medium%3Dwebclick,4.8,4257,"[""Open 24 hours""]","[""Open 24 hours""]","[""Open 24 hours""]","[""Open 24 hours""]","[""Open 24 hours""]","[""Open 24 hours""]","[""Open 24 hours""]",39.9868146,-82.8902051
Westside Towing,723 W Longview Ave,Mansfield,OH,44906,1 419-566-4889,https://westsidetowingandsalvage.com/%3Futm_source%3Domg-gbp%26utm_medium%3Dwebclick,4.7,651,"[""Open 24 hours""]","[""Open 24 hours""]","[""Open 24 hours""]","[""Open 24 hours""]","[""Open 24 hours""]","[""Open 24 hours""]","[""Open 24 hours""]",40.7762236,-82.5417733
Five Time Towing LLC,28650 Darst Rd,Albany,OH,45710,1 740-517-1824,,5,141,"[""Open 24 hours""]","[""Open 24 hours""]","[""Open 24 hours""]","[""Open 24 hours""]","[""Open 24 hours""]","[""Open 24 hours""]","[""Open 24 hours""]",39.1557733,-82.2616706
K & K Towing & Recovery LLC,5379 Sinclair Rd,Columbus,OH,43229,1 614-447-0490,,4.4,269,"[""Open 24 hours""]","[""Open 24 hours""]","[""Open 24 hours""]","[""Open 24 hours""]","[""Open 24 hours""]","[""Open 24 hours""]","[""Open 24 hours""]",40.0748924,-82.9982242
First Class Towing & Recovery Of Ohio LLC.,855 W 8th St,East Liverpool,OH,43920,1 330-932-0849,,4.9,54,"[""Open 24 hours""]","[""Open 24 hours""]","[""Open 24 hours""]","[""Open 24 hours""]","[""Open 24 hours""]","[""Open 24 hours""]","[""Open 24 hours""]",40.6252848,-80.5897773
Unlimited Towing & Recovery llc,1930 Baltimore Somerset Rd NE,Baltimore,OH,43105,1 740-862-3002,,4.9,104,"[""Open 24 hours""]","[""Open 24 hours""]","[""Open 24 hours""]","[""Open 24 hours""]","[""Open 24 hours""]","[""Open 24 hours""]","[""Open 24 hours""]",39.8405549,-82.5506031
Bethel Towing & Recovery,2856 OH-125,Bethel,OH,45106,1 513-635-5225,https://betheltowingandrecovery.com/%3Futm_source%3Domg-gbp%26utm_medium%3Dwebclick,5,206,"[""Open 24 hours""]","[""Open 24 hours""]","[""Open 24 hours""]","[""Open 24 hours""]","[""Open 24 hours""]","[""Open 24 hours""]","[""Open 24 hours""]",38.9776906,-84.1140317
Valley Towing LLC,723 Springmill St,Mansfield,OH,44903,1 419-526-6000,,4.5,260,"[""Open 24 hours""]","[""Open 24 hours""]","[""Open 24 hours""]","[""Open 24 hours""]","[""Open 24 hours""]","[""Open 24 hours""]","[""Open 24 hours""]",40.7732882,-82.5303914
Capital Towing & Recovery,1306 Harmon Ave,Columbus,OH,43223,1 614-272-1800,https://capitaltowing.com/,4.6,1437,"[""Open 24 hours""]","[""Open 24 hours""]","[""Open 24 hours""]","[""Open 24 hours""]","[""Open 24 hours""]","[""Open 24 hours""]","[""Open 24 hours""]",39.932891,-83.0146443
Get Hooked Towing & Recovery LLC,34369 Flatwoods Rd,Pomeroy,OH,45769,1 740-416-7623,https://www.gethookedtowingandrecoveryllc.com/%3Futm_source%3Dgoogle%26utm_medium%3Dorganic%26utm_campaign%3Dgbp,5,254,"[""Open 24 hours""]","[""Open 24 hours""]","[""Open 24 hours""]","[""Open 24 hours""]","[""Open 24 hours""]","[""Open 24 hours""]","[""Open 24 hours""]",39.0613806,-81.9711132
Central Ohio Recovery Inc DBA Tracer Towing,5375 Navarre Rd SW,Canton,OH,44706,1 330-477-1112,https://www.centralohiorecovery.com/,5,11,"[""Open 24 hours""]","[""Open 24 hours""]","[""Open 24 hours""]","[""Open 24 hours""]","[""Open 24 hours""]","[""Open 24 hours""]","[""Open 24 hours""]",40.7634107,-81.4545488
Marlboro Towing LLC,9587 Edison St NE,Alliance,OH,44601,1 330-935-2210,https://marlborotowing.com/,4.2,342,"[""Open 24 hours""]","[""Open 24 hours""]","[""Open 24 hours""]","[""Open 24 hours""]","[""Open 24 hours""]","[""Open 24 hours""]","[""Open 24 hours""]",40.9511458,-81.2145303
"Joe's Towing & Auto Repair, LLC",711 US-42,Delaware,OH,43015,1 740-363-7170,https://joestowingandautorepair.com/%3Futm_source%3Domg-gbp%26utm_medium%3Dwebclick,4.8,237,"[""Open 24 hours""]","[""Open 24 hours""]","[""Open 24 hours""]","[""Open 24 hours""]","[""Open 24 hours""]","[""Open 24 hours""]","[""Open 24 hours""]",40.3127323,-83.0505896
Reliable Towing and Services,721 Rose Ave,Columbus,OH,43219,1 614-483-5458,https://www.towcolumbusoh.com/,4.9,535,"[""7AM-7PM""]","[""7AM-7PM""]","[""7AM-7PM""]","[""7AM-7PM""]","[""7AM-7PM""]","[""Closed""]","[""Closed""]",39.9819811,-82.9571733
"24/7 Towing & Recovery, LLC of Mt Gilead",110 High St Suite #2,Edison,OH,43320,1 937-594-8216,,3.3,7,"[""Open 24 hours""]","[""Open 24 hours""]","[""Open 24 hours""]","[""Open 24 hours""]","[""Open 24 hours""]","[""Open 24 hours""]","[""Open 24 hours""]",40.553236,-82.860908
Prime Towing & Services LLC,16604 OH-45,Wellsville,OH,43968,1 330-843-3912,,5,146,"[""Open 24 hours""]","[""Open 24 hours""]","[""Open 24 hours""]","[""Open 24 hours""]","[""Open 24 hours""]","[""Open 24 hours""]","[""Open 24 hours""]",40.6601133,-80.690578
"Northwest Towing & Recovery, LLC.",20103 Northwest Pkwy,Marysville,OH,43040,1 937-642-1116,https://www.facebook.com/northwesttowingandrecoveryllc/,4.5,66,"[""Open 24 hours""]","[""Open 24 hours""]","[""Open 24 hours""]","[""Open 24 hours""]","[""Open 24 hours""]","[""Open 24 hours""]","[""Open 24 hours""]",40.2500785,-83.4268471
Roadside Rescue Towing & Recovery LLC,5388 Byers Cir W,Columbus,OH,43229,1 614-704-6579,https://roadsiderescuetowingandrecovery.com/,4.8,142,"[""Open 24 hours""]","[""Open 24 hours""]","[""Open 24 hours""]","[""Open 24 hours""]","[""Open 24 hours""]","[""Open 24 hours""]","[""Open 24 hours""]",40.0749219,-82.999439
Oklahoma Towing Service,4320 NW 39th St,Oklahoma City,OK,73112,1 405-456-0930,https://oklahomatowingservice.com/%3Futm_source%3Dgoogle_profile%26utm_campaign%3Dlocalo%26utm_medium%3Dmainlink,4.7,144,"[""Open 24 hours""]","[""Open 24 hours""]","[""Open 24 hours""]","[""Open 24 hours""]","[""Open 24 hours""]","[""Open 24 hours""]","[""Open 24 hours""]",35.5109757,-97.598108
Ultimate Reflections Towing OKC & Roadside Assistance,2217 SW 19th St,Oklahoma City,OK,73108,1 405-437-8200,https://urtowingokc.com/,4.8,193,"[""Open 24 hours""]","[""Open 24 hours""]","[""Open 24 hours""]","[""Open 24 hours""]","[""Open 24 hours""]","[""Open 24 hours""]","[""Open 24 hours""]",35.4457194,-97.5510157
Arrow Wrecker Service,700 N Villa Ave,Oklahoma City,OK,73107,1 405-943-1800,http://arrowwrecker.com/,3.8,1037,"[""Open 24 hours""]","[""Open 24 hours""]","[""Open 24 hours""]","[""Open 24 hours""]","[""Open 24 hours""]","[""Open 24 hours""]","[""Open 24 hours""]",35.4741036,-97.5563196
Silver Towing,4336 SW 33rd St,Oklahoma City,OK,73119,1 405-241-2480,https://oklahoma-towing.com/,4.2,179,"[""Open 24 hours""]","[""Open 24 hours""]","[""Open 24 hours""]","[""Open 24 hours""]","[""Open 24 hours""]","[""Open 24 hours""]","[""Open 24 hours""]",35.430235,-97.598493
Ernie's Towing Service LLC,11002 NE 23rd St,Choctaw,OK,73020,1 405-426-5408,,4.4,163,"[""Open 24 hours""]","[""Open 24 hours""]","[""Open 24 hours""]","[""Open 24 hours""]","[""Open 24 hours""]","[""Open 24 hours""]","[""Open 24 hours""]",35.4928019,-97.335221
"Young's Towing, LLC",1617 Hampton Dr,Del City,OK,73115,1 405-672-5151,https://youngstowingok.com/,4.1,175,"[""Open 24 hours""]","[""Open 24 hours""]","[""Open 24 hours""]","[""Open 24 hours""]","[""Open 24 hours""]","[""Open 24 hours""]","[""Open 24 hours""]",35.4487111,-97.4522086
Allways Towing,2810 N MacArthur Blvd,Oklahoma City,OK,73127,1 405-722-8697,https://allwaystowingok.com/%3Futm_source%3Domg-gbp%26utm_medium%3Dwebclick,4.6,327,"[""Open 24 hours""]","[""Open 24 hours""]","[""Open 24 hours""]","[""Open 24 hours""]","[""Open 24 hours""]","[""Open 24 hours""]","[""Open 24 hours""]",35.4984838,-97.6182583
Tow Mate,4316 NW 39th St,Oklahoma City,OK,73112,1 405-774-9495,https://towmateok.com/%3Futm_source%3Dgoogle_profile%26utm_campaign%3Dlocalo%26utm_medium%3Dmainlink,3.9,233,"[""Open 24 hours""]","[""Open 24 hours""]","[""Open 24 hours""]","[""Open 24 hours""]","[""Open 24 hours""]","[""Open 24 hours""]","[""Open 24 hours""]",35.5109927,-97.5976387
Tony's A-OK Towing & Recovery LLC,101 W 5th St,Edmond,OK,73003,1 405-513-8080,https://www.a-oktowingandrecoveryllc.com/,4.8,49,"[""Open 24 hours""]","[""Open 24 hours""]","[""Open 24 hours""]","[""Open 24 hours""]","[""Open 24 hours""]","[""Open 24 hours""]","[""Open 24 hours""]",35.6507216,-97.4845669
Puckett's Inc.,314 SW 29th St,Oklahoma City,OK,73109,1 405-632-4401,https://puckettswrecker.com/,3.1,161,"[""Open 24 hours""]","[""Open 24 hours""]","[""Open 24 hours""]","[""Open 24 hours""]","[""Open 24 hours""]","[""Open 24 hours""]","[""Open 24 hours""]",35.4350266,-97.5190043
Car Cab Wrecker Service,4105 S Eastern Ave,Oklahoma City,OK,73129,1 405-670-6114,http://www.carcabwrecker.com/,3.7,306,"[""Open 24 hours""]","[""Open 24 hours""]","[""Open 24 hours""]","[""Open 24 hours""]","[""Open 24 hours""]","[""Open 24 hours""]","[""Open 24 hours""]",35.4237791,-97.4773204
Alpha Towing LLC.,1402 Casady Ln,Oklahoma City,OK,73120,1 405-882-9687,http://www.alphatowingok.com/,4.7,79,"[""Open 24 hours""]","[""Open 24 hours""]","[""Open 24 hours""]","[""Open 24 hours""]","[""Open 24 hours""]","[""Open 24 hours""]","[""Open 24 hours""]",35.564529,-97.5423098
AAAA Wrecker Service Inc,3307 NE 10th St,Oklahoma City,OK,73117,1 405-424-4869,http://aaaawreckerinc.com/,3.5,206,"[""Open 24 hours""]","[""Open 24 hours""]","[""Open 24 hours""]","[""Open 24 hours""]","[""Open 24 hours""]","[""Open 24 hours""]","[""Open 24 hours""]",35.479085,-97.4526195
"Brown & Sons Towing and Recovery, Inc.",101 S Kickapoo St,Shawnee,OK,74801,1 405-273-0470,http://www.towingoklahoma.com/,4.3,233,"[""Open 24 hours""]","[""Open 24 hours""]","[""Open 24 hours""]","[""Open 24 hours""]","[""Open 24 hours""]","[""Open 24 hours""]","[""Open 24 hours""]",35.3271362,-96.9296463
Bad Day Towing Company,8324 Candlewood Dr,Oklahoma City,OK,73132,1 405-223-6700,http://www.baddaytow.com/,3.9,97,"[""Open 24 hours""]","[""Open 24 hours""]","[""Open 24 hours""]","[""Open 24 hours""]","[""Open 24 hours""]","[""Open 24 hours""]","[""Open 24 hours""]",35.5557801,-97.6300661
Metro Towing & Recovery LLC,13415 N Santa Fe Ave,Oklahoma City,OK,73114,1 405-235-3503,,4.8,20,"[""Open 24 hours""]","[""Open 24 hours""]","[""Open 24 hours""]","[""Open 24 hours""]","[""Open 24 hours""]","[""Open 24 hours""]","[""Open 24 hours""]",35.6064401,-97.515481
McConnells Wrecker Service,1350 N Air Depot Blvd,Oklahoma City,OK,73110,1 405-732-7004,https://oklahomacitytowingcompany.com/,4.6,210,"[""Open 24 hours""]","[""Open 24 hours""]","[""Open 24 hours""]","[""Open 24 hours""]","[""Open 24 hours""]","[""Open 24 hours""]","[""Open 24 hours""]",35.4825553,-97.4056777
Sergios Towing Service,3140 NW 38th St,Oklahoma City,OK,73112,1 405-947-0070,http://www.sergiostowingservice.net/,4.6,195,"[""8AM-10PM""]","[""8AM-10PM""]","[""8AM-10PM""]","[""8AM-10PM""]","[""8AM-10PM""]","[""8AM-10PM""]","[""8AM-10PM""]",35.5099173,-97.57129
"Barnes Wrecker Service, Inc.",10103 SE 29th St,Midwest City,OK,73130,1 405-737-7625,https://www.barneswrecker.com/,4.6,505,"[""Open 24 hours""]","[""Open 24 hours""]","[""Open 24 hours""]","[""Open 24 hours""]","[""Open 24 hours""]","[""Open 24 hours""]","[""Open 24 hours""]",35.4366105,-97.350991
Fat Alan's Towing & Recovery,3515 N Shields Blvd,Moore,OK,73160,1 405-378-0044,https://fatalanstowing.com/%3Futm_source%3Domg-gbp%26utm_medium%3Dwebclick,4.7,432,"[""Open 24 hours""]","[""Open 24 hours""]","[""Open 24 hours""]","[""Open 24 hours""]","[""Open 24 hours""]","[""Open 24 hours""]","[""Open 24 hours""]",35.3690681,-97.504067
"Oregon towing services, Corp",19935 SW Cipole Rd,Sherwood,OR,97140,1 971-979-5861,,4.8,33,"[""Open 24 hours""]","[""Open 24 hours""]","[""Open 24 hours""]","[""Open 24 hours""]","[""Open 24 hours""]","[""Open 24 hours""]","[""Open 24 hours""]",45.3746057,-122.8166558
B.C. Towing Inc,2140 Turner Rd SE,Salem,OR,97302,1 503-375-0035,https://bctowing.com/%3Futm_source%3Domg-gbp%26utm_medium%3Dwebclick,4.8,4873,"[""Open 24 hours""]","[""Open 24 hours""]","[""Open 24 hours""]","[""Open 24 hours""]","[""Open 24 hours""]","[""Open 24 hours""]","[""Open 24 hours""]",44.9113427,-122.9951951
Speed's Towing,14333 NE Whitaker Way,Portland,OR,97230,1 503-234-5555,https://www.speedstowingpdx.com/,4.7,1256,"[""Open 24 hours""]","[""Open 24 hours""]","[""Open 24 hours""]","[""Open 24 hours""]","[""Open 24 hours""]","[""Open 24 hours""]","[""Open 24 hours""]",45.557216,-122.514007
Oregon Towing & Transport LLC,16073 Blackfeather Ln,La Pine,OR,97739,1 541-815-5217,http://www.oregontowingtransport.com/,5,103,"[""Open 24 hours""]","[""Open 24 hours""]","[""Open 24 hours""]","[""Open 24 hours""]","[""Open 24 hours""]","[""Open 24 hours""]","[""Open 24 hours""]",43.7490212,-121.5228808
Baker & Baker Heavy Duty Towing & Semi Truck Towing,3589 Fairview Industrial Dr SE #100,Salem,OR,97310,1 503-563-8816,https://towing-woodburn.com/,4.9,457,"[""Open 24 hours""]","[""Open 24 hours""]","[""Open 24 hours""]","[""Open 24 hours""]","[""Open 24 hours""]","[""Open 24 hours""]","[""Open 24 hours""]",44.9041966,-123.0175464
Eastern Oregon Roadside LLC,236 Bridge St,Baker City,OR,97814,1 541-519-2763,https://www.easternoregonroadside.com/,5,91,"[""Open 24 hours""]","[""Open 24 hours""]","[""Open 24 hours""]","[""Open 24 hours""]","[""Open 24 hours""]","[""Open 24 hours""]","[""Open 24 hours""]",44.7729192,-117.8273623
Baker & Baker Towing and Crane Service,2874 Newberg Hwy,Woodburn,OR,97071,1 503-981-9597,https://towing-woodburn.com/,4.9,2138,"[""Open 24 hours""]","[""Open 24 hours""]","[""Open 24 hours""]","[""Open 24 hours""]","[""Open 24 hours""]","[""Open 24 hours""]","[""Open 24 hours""]",45.150691,-122.876234
AE Towing,1511 State Hwy 99 N,Eugene,OR,97402,1 541-501-3021,https://www.aetowingeugene.com/%3Futm_source%3Domg-gbp%26utm_medium%3Dwebclick,4.8,2986,"[""Open 24 hours""]","[""Open 24 hours""]","[""Open 24 hours""]","[""Open 24 hours""]","[""Open 24 hours""]","[""Open 24 hours""]","[""Open 24 hours""]",44.0775638,-123.149241
A+ Towing,29407 W Enid Rd,Eugene,OR,97402,1 541-686-0044,http://www.aptowing.com/,4.7,431,"[""Open 24 hours""]","[""Open 24 hours""]","[""Open 24 hours""]","[""Open 24 hours""]","[""Open 24 hours""]","[""Open 24 hours""]","[""Open 24 hours""]",44.1155676,-123.1887427
Consolidated Towing Inc,1000 SE 9th St,Bend,OR,97702,1 541-389-8080,https://consolidatedtowing.com/,4.9,1398,"[""Open 24 hours""]","[""Open 24 hours""]","[""Open 24 hours""]","[""Open 24 hours""]","[""Open 24 hours""]","[""Open 24 hours""]","[""Open 24 hours""]",44.040839,-121.2890656
Santiam Towing and Recovery,611 Main St,Lyons,OR,97358,1 503-859-5757,https://strtowing.com/%3Futm_source%3Domg-gbp%26utm_medium%3Dwebclick,4.8,721,"[""Open 24 hours""]","[""Open 24 hours""]","[""Open 24 hours""]","[""Open 24 hours""]","[""Open 24 hours""]","[""Open 24 hours""]","[""Open 24 hours""]",44.7747346,-122.6150946
"Barber's Towing, Inc.",16671 SE McLoughlin Blvd,Oak Grove,OR,97267,1 503-404-4543,https://www.barberstowing.com/,4.9,174,"[""Open 24 hours""]","[""Open 24 hours""]","[""Open 24 hours""]","[""Open 24 hours""]","[""Open 24 hours""]","[""Open 24 hours""]","[""Open 24 hours""]",45.4029674,-122.6224964
Rogers Towing and Transport,24947 OR-126 Suite C,Veneta,OR,97487,1 541-935-1031,https://rogerstowing.net/towing-veneta-or.php,4.7,304,"[""Open 24 hours""]","[""Open 24 hours""]","[""Open 24 hours""]","[""Open 24 hours""]","[""Open 24 hours""]","[""Open 24 hours""]","[""Open 24 hours""]",44.0550078,-123.3558785
Hillsboro Towing Service,895 SW Baseline St,Hillsboro,OR,97123,1 503-648-0559,http://www.hillsborotowing.com/,4.1,307,"[""Open 24 hours""]","[""Open 24 hours""]","[""Open 24 hours""]","[""Open 24 hours""]","[""Open 24 hours""]","[""Open 24 hours""]","[""Open 24 hours""]",45.5202074,-122.9995592
Drake's Towing & Recovery,"2135 Gable Rd, 1965 Old Portland Rd",St Helens,OR,97051,1 503-438-6099,,4.8,150,"[""Open 24 hours""]","[""Open 24 hours""]","[""Open 24 hours""]","[""Open 24 hours""]","[""Open 24 hours""]","[""Open 24 hours""]","[""Open 24 hours""]",45.8479328,-122.8173095
All Seasons Towing & Recovery,20206 Powers Rd,Bend,OR,97702,1 541-480-6519,http://allseasonstowingbend.com/,4.9,134,"[""Open 24 hours""]","[""Open 24 hours""]","[""Open 24 hours""]","[""Open 24 hours""]","[""Open 24 hours""]","[""Open 24 hours""]","[""Open 24 hours""]",44.0290582,-121.3126673
Shady Cove Towing and Recovery,21411 OR-62,Shady Cove,OR,97539,1 541-531-9045,https://www.shadycovetowingandrecovery.com/,4.5,90,"[""Open 24 hours""]","[""Open 24 hours""]","[""Open 24 hours""]","[""Open 24 hours""]","[""Open 24 hours""]","[""Open 24 hours""]","[""Open 24 hours""]",42.6100493,-122.8139228
Oregon Towing,,,,,1 541-761-8784,,3.4,43,"[""Open 24 hours""]","[""Open 24 hours""]","[""Open 24 hours""]","[""Open 24 hours""]","[""Open 24 hours""]","[""Open 24 hours""]","[""Open 24 hours""]",46.423669,-129.9427086
BUD'S TOWING INC.,126 S McLoughlin Blvd,Oregon City,OR,97045,1 503-656-9211,,3.4,97,"[""Open 24 hours""]","[""Open 24 hours""]","[""Open 24 hours""]","[""Open 24 hours""]","[""Open 24 hours""]","[""Open 24 hours""]","[""Open 24 hours""]",45.3505649,-122.6151466
"Towing and Auto Repair, LLC",7092 US-209,Stroudsburg,PA,18360,1 570-369-6786,https://www.towingandautorepairpa.com/%3Futm_source%3Domg-gbp%26utm_medium%3Dwebclick,4.9,89,"[""Open 24 hours""]","[""Open 24 hours""]","[""Open 24 hours""]","[""Open 24 hours""]","[""Open 24 hours""]","[""Open 24 hours""]","[""Open 24 hours""]",40.9721514,-75.2553576
PENN TOWING INC.,90 Knickerbocker Ave,Brooklyn,NY,11237,1 347-677-8949,,5,4,"[""Open 24 hours""]","[""Open 24 hours""]","[""Open 24 hours""]","[""Open 24 hours""]","[""Open 24 hours""]","[""Open 24 hours""]","[""Open 24 hours""]",40.705501,-73.930313
Pa City Wide Towing Cash For cars,1422 Remington St,Chester,PA,19013,1 610-606-1011,http://pacwt.com/,4.6,361,"[""Open 24 hours""]","[""Open 24 hours""]","[""Open 24 hours""]","[""Open 24 hours""]","[""Open 24 hours""]","[""Open 24 hours""]","[""Open 24 hours""]",39.8618267,-75.3480887
Tatamy Towing & Recovery,788 Main St,Tatamy,PA,18085,1 610-972-6424,http://www.tatamytowing.com/,5,12,"[""Open 24 hours""]","[""Open 24 hours""]","[""Open 24 hours""]","[""Open 24 hours""]","[""Open 24 hours""]","[""Open 24 hours""]","[""Open 24 hours""]",40.740624,-75.2590405
Lords Valley Towing & Salvage,500 PA-739,Lords Valley,PA,18428,1 570-203-1310,https://www.lordsvalleytowing.com/,4.2,106,"[""Open 24 hours""]","[""Open 24 hours""]","[""Open 24 hours""]","[""Open 24 hours""]","[""Open 24 hours""]","[""Open 24 hours""]","[""Open 24 hours""]",41.3679783,-75.0625162
King's Towing And Auto Repair LLC,2136 Riverside Dr,Bethlehem,PA,18015,1 484-553-4574,,4.6,245,"[""Open 24 hours""]","[""Open 24 hours""]","[""Open 24 hours""]","[""Open 24 hours""]","[""Open 24 hours""]","[""Open 24 hours""]","[""Open 24 hours""]",40.6309367,-75.3256622
A-1 Towing Services,6861 PA-873,Slatington,PA,18080,1 484-263-2376,http://a1towinglehighvalley.com/,4.9,230,"[""Open 24 hours""]","[""Open 24 hours""]","[""Open 24 hours""]","[""Open 24 hours""]","[""Open 24 hours""]","[""Open 24 hours""]","[""Open 24 hours""]",40.7251901,-75.6165885
Hacketts Towing & Recovery,1 Mill Creek Rd,Morrisville,PA,19067,1 267-606-7654,,4.2,120,"[""Open 24 hours""]","[""Open 24 hours""]","[""Open 24 hours""]","[""Open 24 hours""]","[""Open 24 hours""]","[""Open 24 hours""]","[""Open 24 hours""]",40.1576686,-74.804665
Val-u Auto of PA,230 Truss Rd,Stroudsburg,PA,18360,1 570-989-0049,https://www.val-uauto.com/stroudsburg-pa,4.4,214,"[""Open 24 hours""]","[""Open 24 hours""]","[""Open 24 hours""]","[""Open 24 hours""]","[""Open 24 hours""]","[""Open 24 hours""]","[""Open 24 hours""]",40.9806882,-75.2345991
Tims Towing & Recovery LLC,"7354, 840 Line St",Williams Township,PA,18042,1 855-321-3860,https://www.facebook.com/Tims-Towing-Recovery-LLC-117558708391185/,4.6,179,"[""7AM-11PM""]","[""7AM-11PM""]","[""7AM-11PM""]","[""7AM-11PM""]","[""7AM-11PM""]","[""7AM-11PM""]","[""7AM-11PM""]",40.6725065,-75.223541
Fast Towing and Recovery,9240 Frankford Ave,Philadelphia,PA,19114,1 267-231-6945,https://www.fasttowpa.com/,5,123,"[""Open 24 hours""]","[""Open 24 hours""]","[""Open 24 hours""]","[""Open 24 hours""]","[""Open 24 hours""]","[""Open 24 hours""]","[""Open 24 hours""]",40.0567386,-75.0024575
CBR Towing and Recovery,865 Interchange Rd,Kresgeville,PA,18333,1 610-972-1463,,4.6,119,"[""Open 24 hours""]","[""Open 24 hours""]","[""Open 24 hours""]","[""Open 24 hours""]","[""Open 24 hours""]","[""Open 24 hours""]","[""Open 24 hours""]",40.9073679,-75.4711671
"Falzone Towing Service - Cars, Heavy Duty and Semi Tow Trucks",1039 PA-93,Drums,PA,18222,1 570-788-1141,https://falzonestowing.com/,4.9,438,"[""Open 24 hours""]","[""Open 24 hours""]","[""Open 24 hours""]","[""Open 24 hours""]","[""Open 24 hours""]","[""Open 24 hours""]","[""Open 24 hours""]",41.0220668,-76.0788333
Yocum Towing & Recovery Inc,611 Grammes Ln,Allentown,PA,18104,1 610-398-8002,http://www.yocumtowing.com/,4.1,368,"[""Open 24 hours""]","[""Open 24 hours""]","[""Open 24 hours""]","[""Open 24 hours""]","[""Open 24 hours""]","[""Open 24 hours""]","[""Open 24 hours""]",40.587806,-75.5809913
Riede’s Towing,104 Music Center Dr,East Stroudsburg,PA,18301,1 570-856-8568,https://riedestowing.com/,4.6,75,"[""Open 24 hours""]","[""Open 24 hours""]","[""Open 24 hours""]","[""Open 24 hours""]","[""Open 24 hours""]","[""Open 24 hours""]","[""Open 24 hours""]",41.004115,-75.143353
Towman Brake And Tows Harrisburg,647 2nd St,Highspire,PA,17034,1 717-343-8159,http://towmanbrakeandtowsharrisburg.com/,4.9,216,"[""Open 24 hours""]","[""Open 24 hours""]","[""Open 24 hours""]","[""Open 24 hours""]","[""Open 24 hours""]","[""Open 24 hours""]","[""Open 24 hours""]",40.2030673,-76.773989
"Penndel Towing & Recovery, LLC.",900 W Lincoln Hwy,Langhorne,PA,19047,1 215-757-3480,https://www.penndel-towing.com/,3.5,25,"[""Open 24 hours""]","[""Open 24 hours""]","[""Open 24 hours""]","[""Open 24 hours""]","[""Open 24 hours""]","[""Open 24 hours""]","[""Open 24 hours""]",40.1555677,-74.928566
Lee's 24/7 Towing and Recovery,2469 Lyon St,Clifford Township,PA,18470,1 570-806-1597,,4.9,10,"[""Open 24 hours""]","[""Open 24 hours""]","[""Open 24 hours""]","[""Open 24 hours""]","[""Open 24 hours""]","[""Open 24 hours""]","[""Open 24 hours""]",41.6937007,-75.5392767
J&J Towing and Recovery Service,892 PA-940 Box 887,Pocono Lake,PA,18347,1 570-646-5312,https://dylancolyer.wixsite.com/jjtowingandrecoverys,4.5,37,"[""Open 24 hours""]","[""Open 24 hours""]","[""Open 24 hours""]","[""Open 24 hours""]","[""Open 24 hours""]","[""Open 24 hours""]","[""Open 24 hours""]",41.1166288,-75.552609
A Bob's Towing,2220 Orthodox St,Philadelphia,PA,19137,1 215-289-5775,http://www.abobstowing.com/,4.7,2452,"[""Open 24 hours""]","[""Open 24 hours""]","[""Open 24 hours""]","[""Open 24 hours""]","[""Open 24 hours""]","[""Open 24 hours""]","[""Open 24 hours""]",40.0080503,-75.0785841
Grasso's Towing,116 Hartford Ave,Providence,RI,2909,1 401-343-2567,https://grassostowing.com/,4.8,828,"[""5AM-12AM""]","[""5AM-12AM""]","[""5AM-12AM""]","[""5AM-12AM""]","[""5AM-12AM""]","[""6AM-12AM""]","[""6AM-12AM""]",41.8168689,-71.4467244
Town Line Towing & Recovery,1232 Douglas Ave,North Providence,RI,2904,1 401-443-9322,https://www.townlinetowing.com/,4.2,52,"[""8AM-4:30PM""]","[""8AM-4:30PM""]","[""8AM-4:30PM""]","[""8AM-4:30PM""]","[""8AM-4:30PM""]","[""Closed""]","[""Closed""]",41.8590002,-71.4470172
A Towing,285 Taunton Ave,East Providence,RI,2914,1 401-434-6700,https://atowing.com/,5,45,"[""Open 24 hours""]","[""Open 24 hours""]","[""Open 24 hours""]","[""Open 24 hours""]","[""Open 24 hours""]","[""Open 24 hours""]","[""Open 24 hours""]",41.8198683,-71.3690385
Tow Truck Services RI,,,,,1 401-400-4899,https://www.towtruckrhodeisland.com/,3.4,51,"[""Open 24 hours""]","[""Open 24 hours""]","[""Open 24 hours""]","[""Open 24 hours""]","[""Open 24 hours""]","[""Open 24 hours""]","[""Open 24 hours""]",41.5573165,-71.4979145
Shea's Towing,9 Whipple St,Cumberland,RI,2864,1 401-724-1111,https://www.sheastowing.com/,4,51,"[""Open 24 hours""]","[""Open 24 hours""]","[""Open 24 hours""]","[""Open 24 hours""]","[""Open 24 hours""]","[""Open 24 hours""]","[""Open 24 hours""]",41.9294639,-71.4206027
A Towing,350 Kinsley Ave Unit 43B,Providence,RI,2903,1 401-861-7700,https://atowing.com/,4.6,19,"[""Open 24 hours""]","[""Open 24 hours""]","[""Open 24 hours""]","[""Open 24 hours""]","[""Open 24 hours""]","[""Open 24 hours""]","[""Open 24 hours""]",41.8271647,-71.430527
Ronnie's Towing & Recovery LLC,1283 Jefferson Blvd,Warwick,RI,2886,1 401-732-1155,http://www.ronniestowing.com/,4.5,35,"[""Open 24 hours""]","[""Open 24 hours""]","[""Open 24 hours""]","[""Open 24 hours""]","[""Open 24 hours""]","[""Open 24 hours""]","[""Open 24 hours""]",41.7134996,-71.4485737
Barrett's Towing,414 Silver Spring St,Providence,RI,2904,1 401-500-5244,https://www.barrettstowing-ri.com/,5,28,"[""8AM-8PM""]","[""8AM-8PM""]","[""8AM-8PM""]","[""8AM-8PM""]","[""8AM-8PM""]","[""8AM-2PM""]","[""Closed""]",41.8546441,-71.4121476
Wyoming Towing and Repair,6 Buttonwoods Rd Suite B,Richmond,RI,2898,1 401-397-5551,,5,30,"[""8AM-5PM""]","[""8AM-5PM""]","[""8AM-5PM""]","[""8AM-5PM""]","[""8AM-5PM""]","[""8AM-12PM""]","[""Closed""]",41.5220052,-71.6838977
Interstate Towing Corporation,632 River St,Woonsocket,RI,2895,1 401-765-1858,,3.9,95,"[""Open 24 hours""]","[""Open 24 hours""]","[""Open 24 hours""]","[""Open 24 hours""]","[""Open 24 hours""]","[""Open 24 hours""]","[""Open 24 hours""]",42.0048461,-71.5240403
Daves Towing Service Inc.,119 Pleasant View Ave,Smithfield,RI,2917,1 401-231-5359,,3.2,110,"[""9AM-5PM""]","[""9AM-5PM""]","[""9AM-5PM""]","[""9AM-5PM""]","[""9AM-5PM""]","[""9AM-5PM""]","[""9AM-5PM""]",41.884729,-71.5406749
A Towing,125 Dewey Ave,Warwick,RI,2886,1 401-272-2222,https://atowing.com/,5,11,"[""Open 24 hours""]","[""Open 24 hours""]","[""Open 24 hours""]","[""Open 24 hours""]","[""Open 24 hours""]","[""Open 24 hours""]","[""Open 24 hours""]",41.7335667,-71.4320991
Santows Towing and Services,1208 Smithfield Ave,Lincoln,RI,2865,1 401-660-6050,https://santowstowingservice.com/,4.9,32,"[""7AM-10PM""]","[""7AM-10PM""]","[""7AM-10PM""]","[""7AM-10PM""]","[""7AM-10PM""]","[""8AM-9PM""]","[""Closed""]",41.8922346,-71.411712
San Tows LLC,56 Old Hopkinton Rd #3,Westerly,RI,2891,1 401-207-1417,https://san-towsllc.godaddysites.com/,5,22,"[""Open 24 hours""]","[""Open 24 hours""]","[""Open 24 hours""]","[""Open 24 hours""]","[""Open 24 hours""]","[""Open 24 hours""]","[""Open 24 hours""]",41.3878461,-71.8053854
Cabrals Towing Inc,10 Goldsmith Ave,East Providence,RI,2914,1 401-438-2426,http://www.cabralstowing.com/,3.6,21,"[""8AM-5PM""]","[""8AM-5PM""]","[""8AM-5PM""]","[""8AM-5PM""]","[""8AM-5PM""]","[""8AM-12PM""]","[""Closed""]",41.8214892,-71.3621483
All Mobile Towing,101 Commercial Way,East Providence,RI,2914,1 401-228-6200,http://allmobiletowing.com/,4.2,25,,,,,,,,41.8199252,-71.3504273
Certified Towing,165 Dean Knauss Dr,Narragansett,RI,2882,1 401-783-8190,http://certifiedtowingri.com/,3.7,20,"[""Open 24 hours""]","[""Open 24 hours""]","[""Open 24 hours""]","[""Open 24 hours""]","[""Open 24 hours""]","[""Open 24 hours""]","[""Open 24 hours""]",41.488677,-71.426864
DKs Towing & Cash for Cars Auto Recycling,1177 Jefferson Blvd,Warwick,RI,2886,1 401-454-9552,https://rijunkautos.com/,4.6,101,"[""8AM-9PM""]","[""8AM-9PM""]","[""8AM-9PM""]","[""8AM-9PM""]","[""8AM-11PM""]","[""8AM-11PM""]","[""8AM-9PM""]",41.7200107,-71.4493559
U Call We Haul Towing,585 Hartford Ave,Providence,RI,2909,1 401-919-7752,https://ucallwehaultowing.com/,4.9,33,"[""7AM-11PM""]","[""7AM-11PM""]","[""7AM-11PM""]","[""7AM-11PM""]","[""7AM-11PM""]","[""7AM-11PM""]","[""8AM-6:30PM""]",41.8194455,-71.4633001
"Renaissance Auto Recovery, Cash For Junk Cars",,,,,1 401-935-5566,http://www.renaissanceautorecovery.com/,4.9,118,"[""Open 24 hours""]","[""Open 24 hours""]","[""Open 24 hours""]","[""Open 24 hours""]","[""Open 24 hours""]","[""Open 24 hours""]","[""Open 24 hours""]",41.5573165,-71.4583996
County Towing & Recovery LLC,3085 Princeton Rd,West Columbia,SC,29170,1 803-955-3003,https://countytowingsc.com/,4.4,266,"[""Open 24 hours""]","[""Open 24 hours""]","[""Open 24 hours""]","[""Open 24 hours""]","[""Open 24 hours""]","[""Open 24 hours""]","[""Open 24 hours""]",33.8968149,-81.1551991
J.R.’s Towing & Recovery,1471 Charleston Hwy,Orangeburg,SC,29115,1 803-682-3666,https://jrstowingandrecovery.com/,4.9,189,"[""Open 24 hours""]","[""Open 24 hours""]","[""Open 24 hours""]","[""Open 24 hours""]","[""Open 24 hours""]","[""Open 24 hours""]","[""Open 24 hours""]",33.4739445,-80.8507531
Carolina Fleet LLC,1404 Mack St,Gaston,SC,29053,1 803-796-5073,https://carolinafleet.com/%3Futm_source%3Domg-gbp%26utm_medium%3Dwebclick,4.5,82,"[""Open 24 hours""]","[""Open 24 hours""]","[""Open 24 hours""]","[""Open 24 hours""]","[""Open 24 hours""]","[""Open 24 hours""]","[""Open 24 hours""]",33.8140543,-81.0873114
Ultimate Towing,2327 Az Rd,North,SC,29112,1 803-845-8531,,4.6,70,"[""Open 24 hours""]","[""Open 24 hours""]","[""Open 24 hours""]","[""Open 24 hours""]","[""Open 24 hours""]","[""Open 24 hours""]","[""Open 24 hours""]",33.5974953,-80.9774138
Schroeder's Towing,3512 Bush River Rd,Columbia,SC,29210,1 803-772-7930,https://schroederstowing.net/,4.6,2063,"[""Open 24 hours""]","[""Open 24 hours""]","[""Open 24 hours""]","[""Open 24 hours""]","[""Open 24 hours""]","[""Open 24 hours""]","[""Open 24 hours""]",34.0415511,-81.143333
803 Towing & Recovery LLC,1919 10th St,Cayce,SC,29033,1 803-550-9240,http://www.803towingsc.com/,4.8,93,"[""Open 24 hours""]","[""Open 24 hours""]","[""Open 24 hours""]","[""Open 24 hours""]","[""Open 24 hours""]","[""Open 24 hours""]","[""Open 24 hours""]",33.9742624,-81.0615201
CIA Towing & Recovery,1945 SC-121,Silverstreet,SC,29145,1 803-669-2676,https://ciatowing.com/,4.9,86,"[""Open 24 hours""]","[""Open 24 hours""]","[""Open 24 hours""]","[""Open 24 hours""]","[""Open 24 hours""]","[""Open 24 hours""]","[""Open 24 hours""]",34.2057571,-81.7035446
Priority Towing and Transport LLC,115 Pine Tree Dr,Lexington,SC,29073,1 803-602-8080,,4.4,142,"[""Open 24 hours""]","[""Open 24 hours""]","[""Open 24 hours""]","[""Open 24 hours""]","[""Open 24 hours""]","[""Open 24 hours""]","[""Open 24 hours""]",33.9393027,-81.235924
Quality Towing & Service Center,1657 Plaza Pl,Myrtle Beach,SC,29577,1 843-626-5309,http://qualitytowingmb.com/%3Futm_source%3Domg-gbp%26utm_medium%3Dwebclick,4.1,1428,"[""Open 24 hours""]","[""Open 24 hours""]","[""Open 24 hours""]","[""Open 24 hours""]","[""Open 24 hours""]","[""Open 24 hours""]","[""Open 24 hours""]",33.7066236,-78.8964562
Wingard Towing Service,1809 Augusta Rd,West Columbia,SC,29169,1 803-796-1467,http://www.wingardtowing.com/,4.8,381,"[""Open 24 hours""]","[""Open 24 hours""]","[""Open 24 hours""]","[""Open 24 hours""]","[""Open 24 hours""]","[""Open 24 hours""]","[""Open 24 hours""]",33.9844695,-81.0838141
D & B Towing LLC,310 Quartermaster St,West Columbia,SC,29170,1 803-888-6365,,4.5,82,"[""Open 24 hours""]","[""Open 24 hours""]","[""Open 24 hours""]","[""Open 24 hours""]","[""Open 24 hours""]","[""Open 24 hours""]","[""Open 24 hours""]",33.9457682,-81.108305
Caps Towing and Transport LLC,195 Bellinger Ln,Gaston,SC,29053,1 803-239-2664,https://capstowingandtransportllc.com/,5,37,"[""Open 24 hours""]","[""Open 24 hours""]","[""Open 24 hours""]","[""Open 24 hours""]","[""Open 24 hours""]","[""Open 24 hours""]","[""Open 24 hours""]",33.8062573,-81.0024753
Toots towing and recovery services LLC,438 Day Dr,Swansea,SC,29160,1 803-568-7594,,5,2,"[""Open 24 hours""]","[""Open 24 hours""]","[""Open 24 hours""]","[""Open 24 hours""]","[""Open 24 hours""]","[""Open 24 hours""]","[""Open 24 hours""]",33.7408962,-81.0859759
Absolute Towing,1000 Buff St,West Columbia,SC,29169,1 803-939-9393,,2.8,312,"[""Open 24 hours""]","[""Open 24 hours""]","[""Open 24 hours""]","[""Open 24 hours""]","[""Open 24 hours""]","[""Open 24 hours""]","[""Open 24 hours""]",33.9947064,-81.0676083
All Star Towing Service,3500 Fernandina Rd,Columbia,SC,29210,1 803-386-9464,https://www.google.com/search?q=all+star+towing+columbia+sc,4.9,74,"[""Open 24 hours""]","[""Open 24 hours""]","[""Open 24 hours""]","[""Open 24 hours""]","[""Open 24 hours""]","[""Open 24 hours""]","[""Open 24 hours""]",34.0472579,-81.1201642
Palmetto Towing and Recovery,,,,,1 843-681-8698,http://palmettotowingandrecovery.com/,4.1,418,"[""Open 24 hours""]","[""Open 24 hours""]","[""Open 24 hours""]","[""Open 24 hours""]","[""Open 24 hours""]","[""Open 24 hours""]","[""Open 24 hours""]",32.319959,-80.9671
County Towing and Recovery LLC,1281 S Lake Dr,Lexington,SC,29073,1 803-359-0014,https://countytowingsc.com/,3.8,50,"[""Open 24 hours""]","[""Open 24 hours""]","[""Open 24 hours""]","[""Open 24 hours""]","[""Open 24 hours""]","[""Open 24 hours""]","[""Open 24 hours""]",33.9411327,-81.2366229
Eagle One Tow and Transport,10019 Broad River Rd,Irmo,SC,29063,1 803-749-2727,https://eagleonetow.com/,4.9,45,"[""Open 24 hours""]","[""Open 24 hours""]","[""Open 24 hours""]","[""Open 24 hours""]","[""Open 24 hours""]","[""Open 24 hours""]","[""Open 24 hours""]",34.1118196,-81.1931439
Sta Tru Towing,2924 Berkeley Forest Dr,Columbia,SC,29209,1 803-603-5839,https://statrutowing.com/,4.8,19,"[""6AM-11PM""]","[""6AM-11PM""]","[""6AM-11PM""]","[""6AM-11PM""]","[""6AM-11PM""]","[""6AM-11PM""]","[""6AM-11PM""]",33.9677793,-80.9031594
Olson Towing,2326 Dyess Ave,Rapid City,SD,57701,1 605-399-2666,https://rapidcitytowingservice.com/,4.2,,,,,,"[""Open 24 hours""]",,,44.1082801,-103.1709722
Rapid Towing,2602 E St Andrew St,Rapid City,SD,57703,1 605-716-9400,https://www.rapidtowing.us/,4.4,,,,,,"[""Open 24 hours""]",,,44.0689503,-103.1728949
Mitchell Towing and Recovery,2675 W Havens Ave,Mitchell,SD,57301,1 605-999-1880,http://www.mitchelltowingandrecovery.com/,5,,,,,,"[""Open 24 hours""]",,,43.7014273,-98.0643083
Lightning Towing,2901 W 6th St,Sioux Falls,SD,57104,1 605-331-0456,https://lightningtowing.net/,3.7,,,,,,"[""8AM-4PM""]",,,43.5513226,-96.7648302
A Plus Towing,1309 E Walnut St,Sioux Falls,SD,57103,1 605-332-8984,https://aplus-towing.com/,4.3,,,,,,"[""7AM-11PM""]",,,43.56551,-96.70927
Jim & Rons Towing,3424 W Runge Pl,Sioux Falls,SD,57107,1 605-334-9673,http://jimandrons.net/,4.5,,,,,,"[""Open 24 hours""]",,,43.5686994,-96.7758989
"M & W Towing & Recovery, Inc.",22759 Radar Hill Rd,Box Elder,SD,57719,1 605-923-1927,https://mwtowinginc.com/%3Futm_source%3Domg-gbp%26utm_medium%3Dwebclick,4.1,,,,,,"[""Open 24 hours""]",,,44.1024072,-103.0915266
Tow Pros,1329 Seger Dr,Rapid City,SD,57701,1 605-388-8700,https://towprosrc.com/,3.9,,,,,,"[""Open 24 hours""]",,,44.1109046,-103.1888046
Paul's Towing,41965 SD-38,Fulton,SD,57340,1 605-770-0053,http://paulstowingsd.com/,4.8,,,,,,,,,43.7012596,-97.8139953
Eastgate Towing & Storage Inc.,2904 E Rice St,Sioux Falls,SD,57103,1 605-334-3160,https://eastgatetowingandstorage.com/,3.7,,,,,,"[""Open 24 hours""]",,,43.5658132,-96.6892684
Platinum Towing,1325 N Cleveland Ave,Sioux Falls,SD,57103,1 605-660-0000,https://platinumtowingsd.com/,4.4,,,,,,"[""Open 24 hours""]",,,43.5618057,-96.6919288
Black Hills Towing,29313 Gary St,Pierre,SD,57501,1 605-440-0008,https://www.blackhillstowing.com/,4.6,,,,,,"[""Open 24 hours""]",,,44.3996076,-100.2863221
Ace Towing Inc,4000 N Cliff Ave,Sioux Falls,SD,57103,1 605-332-2173,http://www.acetowingrecovery.com/,4.3,,,,,,"[""Open 24 hours""]",,,43.5904829,-96.7100184
All Pro Towing & Repair LLC,27138 SD-248,Murdo,SD,57559,1 605-669-2075,https://www.allprotowingsd.com/,4.6,,,,,,"[""Open 24 hours""]",,,43.8925224,-100.6908999
Black Hills Towing LLC,25434 Sidney Park Rd,Custer,SD,57730,1 605-440-2018,http://www.blackhillstowing.com/,4,,,,,,"[""Open 24 hours""]",,,43.7183096,-103.5791484
LJ's Recovery & Transport LLC,1025 Crook St,Custer,SD,57730,1 605-517-1709,http://ljsrecovery.com/%3Futm_source%3DGMB%26utm_medium%3DGMB%26utm_campaign%3DGMB,5,,,,,,"[""Open 24 hours""]",,,43.7699875,-103.5929568
Stockton Towing of Vermillion,830 N Norbeck St,Vermillion,SD,57069,1 605-660-9423,https://stocktontowingiowa.com/,4.5,,,,,,"[""Open 24 hours""]",,,42.7879039,-96.9104183
Johnny Towing,"113 West Dakota Avenue, 1875 Table Street",Pierre,SD,57501,1 605-223-9242,http://www.johnnytowing.com/,3.9,,,,,,"[""Open 24 hours""]",,,44.3658614,-100.3557763
Sunshine Towing,20569 US-85,Deadwood,SD,57732,1 605-642-9095,http://sunshinetowing24-7.com/,4.1,,,,,,"[""Open 24 hours""]",,,44.4154319,-103.7127685
Tennessee Towing & Recovery LLC,1322 Bee Rock Rd,Monterey,TN,38574,1 800-953-3707,https://www.tntowing.com/,4.4,55,"[""Open 24 hours""]","[""Open 24 hours""]","[""Open 24 hours""]","[""Open 24 hours""]","[""Open 24 hours""]","[""Open 24 hours""]","[""Open 24 hours""]",36.1336283,-85.2850589
West Nashville Wrecker Service,6400 Louisiana Ave,Nashville,TN,37209,1 615-350-5800,https://westnashvillewrecker.com/,4.1,812,"[""Open 24 hours""]","[""Open 24 hours""]","[""Open 24 hours""]","[""Open 24 hours""]","[""Open 24 hours""]","[""Open 24 hours""]","[""Open 24 hours""]",36.1671181,-86.8671421
Tennessee Towing,1828 Ryder Dr,Kingsport,TN,37660,1 423-863-1854,https://www.tenntow.com/,4.8,131,"[""Open 24 hours""]","[""Open 24 hours""]","[""Open 24 hours""]","[""Open 24 hours""]","[""Open 24 hours""]","[""Open 24 hours""]","[""Open 24 hours""]",36.5414123,-82.5176871
Tow Pro,2408 Lloyd Ave,Nashville,TN,37218,1 615-256-8697,https://www.towproservices.com/,4.7,4433,"[""8AM-5PM""]","[""8AM-5PM""]","[""8AM-5PM""]","[""8AM-5PM""]","[""8AM-5PM""]","[""8AM-5PM""]","[""8AM-5PM""]",36.2040056,-86.8305495
Dad's Towing Service,1119 E Old Hickory Blvd,Madison,TN,37115,1 615-833-3703,https://dadstowingservice.com/,3.7,854,"[""Open 24 hours""]","[""Open 24 hours""]","[""Open 24 hours""]","[""Open 24 hours""]","[""Open 24 hours""]","[""Open 24 hours""]","[""Open 24 hours""]",36.2626662,-86.6819765
White's Towing & Recovery,1303 W College St,Murfreesboro,TN,37129,1 615-896-5844,,4.7,322,"[""Open 24 hours""]","[""Open 24 hours""]","[""Open 24 hours""]","[""Open 24 hours""]","[""Open 24 hours""]","[""Open 24 hours""]","[""Open 24 hours""]",35.8603675,-86.4112099
M.J. & SON Wrecker Service,1536 Hwy 96,Fairview,TN,37062,1 615-799-8416,,4.9,192,"[""Open 24 hours""]","[""Open 24 hours""]","[""Open 24 hours""]","[""Open 24 hours""]","[""Open 24 hours""]","[""Open 24 hours""]","[""Open 24 hours""]",36.0283586,-87.181576
Cotton's Towing,12725 Old Hickory Blvd,Antioch,TN,37013,1 615-641-2200,http://cottonstowing.com/,3.7,291,"[""Open 24 hours""]","[""Open 24 hours""]","[""Open 24 hours""]","[""Open 24 hours""]","[""Open 24 hours""]","[""Open 24 hours""]","[""Open 24 hours""]",36.0335879,-86.6112752
Tennessee Wrecker,1604 Eagle Dr,Hixson,TN,37343,1 423-842-7243,http://mytnwrecker.com/,4.7,78,"[""8AM-5PM""]","[""8AM-5PM""]","[""8AM-5PM""]","[""8AM-5PM""]","[""8AM-5PM""]","[""Closed""]","[""Closed""]",35.167728,-85.2084711
E.A. Towing,206 Southpointe Ct,Murfreesboro,TN,37130,1 615-904-1601,https://www.eatowingllc.com/,4.8,531,"[""Open 24 hours""]","[""Open 24 hours""]","[""Open 24 hours""]","[""Open 24 hours""]","[""Open 24 hours""]","[""Open 24 hours""]","[""Open 24 hours""]",35.8168751,-86.3994405
Martin's wrecker Service,263 Hermitage Ave,Nashville,TN,37210,1 615-256-9502,https://www.martinswreckernashville.com/,2.8,230,"[""Open 24 hours""]","[""Open 24 hours""]","[""Open 24 hours""]","[""Open 24 hours""]","[""Open 24 hours""]","[""Open 24 hours""]","[""Open 24 hours""]",36.152868,-86.7540369
All Out Towing,2610 Eugenia Ave,Nashville,TN,37211,1 615-506-8181,http://www.allouttowing.net/,5,481,"[""7AM-6PM""]","[""7AM-6PM""]","[""7AM-6PM""]","[""7AM-6PM""]","[""7AM-6PM""]","[""7AM-1PM""]","[""Closed""]",36.1146088,-86.7538591
Hook Em' Up Towing,607 Fordomatic Dr,Nashville,TN,37209,1 615-756-5330,https://towingnashvilletn.com/,4.8,271,"[""Open 24 hours""]","[""Open 24 hours""]","[""Open 24 hours""]","[""Open 24 hours""]","[""Open 24 hours""]","[""Open 24 hours""]","[""Open 24 hours""]",36.1530284,-86.8852071
MANNY'S TOWING AND RECOVERY,727 Old Salem Rd,Murfreesboro,TN,37129,1 615-556-7132,,4.7,199,"[""7AM-7PM""]","[""7AM-7PM""]","[""7AM-7PM""]","[""7AM-7PM""]","[""7AM-7PM""]","[""7AM-7PM""]","[""9AM-5PM""]",35.8383528,-86.3993374
South Side Towing & Recovery,332 Wilhagan Rd,Nashville,TN,37217,1 615-770-2780,,4.2,914,"[""7AM-12AM""]","[""7AM-12AM""]","[""7AM-12AM""]","[""7AM-12AM""]","[""7AM-7PM""]","[""7AM-7PM""]","[""7AM-7PM""]",36.13595,-86.7173557
Bailey's Wrecker Service,1315 Gallatin Ave,Nashville,TN,37206,1 615-227-1283,https://baileyswrecker.com/,3.5,200,"[""Open 24 hours""]","[""Open 24 hours""]","[""Open 24 hours""]","[""Open 24 hours""]","[""Open 24 hours""]","[""Open 24 hours""]","[""Open 24 hours""]",36.1932646,-86.7435066
Donelson Wrecker Service,3551 Central Pike,Nashville,TN,37076,1 615-889-6218,http://www.donelsonwreckerservice.com/,4.3,193,"[""Open 24 hours""]","[""Open 24 hours""]","[""Open 24 hours""]","[""Open 24 hours""]","[""Open 24 hours""]","[""Open 24 hours""]","[""Open 24 hours""]",36.1856921,-86.6265445
Rescue Professionals Towing,,,,,1 615-988-9668,,4.8,1130,"[""6AM-2AM""]","[""6AM-2AM""]","[""6AM-2AM""]","[""6AM-2AM""]","[""6AM-2AM""]","[""6AM-2AM""]","[""6AM-2AM""]",36.1427819,-86.5615075
Chapman's Wrecker Services,503 Arlington Ave,Nashville,TN,37210,1 615-255-5030,http://chapmanswrecker.com/,4.1,77,"[""8AM-6PM""]","[""8AM-6PM""]","[""8AM-6PM""]","[""8AM-6PM""]","[""8AM-6PM""]","[""Closed""]","[""Closed""]",36.143086,-86.7309788
Harpeth Towing & Recovery,140 N Royal Oaks Blvd Building B,Franklin,TN,37064,1 615-591-7445,https://harpethtowing.com/,4.7,567,"[""Open 24 hours""]","[""Open 24 hours""]","[""Open 24 hours""]","[""Open 24 hours""]","[""Open 24 hours""]","[""Open 24 hours""]","[""Open 24 hours""]",35.9183363,-86.8272785
Texas Towing,422 Steves Ave,San Antonio,TX,78204,1 210-220-1000,http://texastowing.com/,3,367,"[""Open 24 hours""]","[""Open 24 hours""]","[""Open 24 hours""]","[""Open 24 hours""]","[""Open 24 hours""]","[""Open 24 hours""]","[""Open 24 hours""]",29.3982699,-98.4943009
Texas Wrecker Service,805 S Hwy 37 Access,George West,TX,78022,1 361-883-3948,http://www.texaswrecker.com/,5,9,"[""Open 24 hours""]","[""Open 24 hours""]","[""Open 24 hours""]","[""Open 24 hours""]","[""Open 24 hours""]","[""Open 24 hours""]","[""Open 24 hours""]",28.3273558,-98.0146644
TEXAS TOWING INC.,205 S Commercial St,Fort Worth,TX,76107,1 817-877-0206,https://texastowinginc.com/,3.2,225,"[""Open 24 hours""]","[""Open 24 hours""]","[""Open 24 hours""]","[""Open 24 hours""]","[""Open 24 hours""]","[""Open 24 hours""]","[""Open 24 hours""]",32.7575727,-97.3455132
Texas Towing & Tire Service,331 I-45,Fairfield,TX,75840,1 903-389-1919,https://texas-towing.com/,4.3,104,"[""Open 24 hours""]","[""Open 24 hours""]","[""Open 24 hours""]","[""Open 24 hours""]","[""Open 24 hours""]","[""Open 24 hours""]","[""Open 24 hours""]",31.7219462,-96.1801254
A & S Towing,210 East1st St,Claude,TX,79019,1 806-231-2250,http://www.aandstowing.com/,4.9,31,"[""Open 24 hours""]","[""Open 24 hours""]","[""Open 24 hours""]","[""Open 24 hours""]","[""Open 24 hours""]","[""Open 24 hours""]","[""Open 24 hours""]",35.1117351,-101.3637038
Sonora Towing and Recovery,1505 N Crockett Ave,Sonora,TX,76950,1 325-869-0060,https://www.sonoratowing.com/,4.8,307,"[""Open 24 hours""]","[""Open 24 hours""]","[""Open 24 hours""]","[""Open 24 hours""]","[""Open 24 hours""]","[""Open 24 hours""]","[""Open 24 hours""]",30.5784047,-100.6557134
Top of Texas Towing & Recovery,814 Texas St,Stratford,TX,79084,1 806-922-2297,https://topoftexastowingrecovery.com/%3Futm_source%3Domg-gbp%26utm_medium%3Dwebclick,4.7,14,"[""Open 24 hours""]","[""Open 24 hours""]","[""Open 24 hours""]","[""Open 24 hours""]","[""Open 24 hours""]","[""Open 24 hours""]","[""Open 24 hours""]",36.3357963,-102.0663786
American towing & Tires services,321 E 7th St,Iraan,TX,79744,1 210-995-3237,,5,93,"[""Open 24 hours""]","[""Open 24 hours""]","[""Open 24 hours""]","[""Open 24 hours""]","[""Open 24 hours""]","[""Open 24 hours""]","[""Open 24 hours""]",30.915443,-101.8943555
Texas Roadside Services & Towing,3722 SW Loop 410,San Antonio,TX,78227,1 210-674-4444,https://raycoautomotiveservices.com/,4.1,293,"[""Open 24 hours""]","[""Open 24 hours""]","[""Open 24 hours""]","[""Open 24 hours""]","[""Open 24 hours""]","[""Open 24 hours""]","[""Open 24 hours""]",29.3934356,-98.6475524
Chase Garcia Towing Three Rivers,102 W Blair St,Three Rivers,TX,78071,1 361-319-4310,https://www.chasegarciatowing.com/,4.2,25,"[""Open 24 hours""]","[""Open 24 hours""]","[""Open 24 hours""]","[""Open 24 hours""]","[""Open 24 hours""]","[""Open 24 hours""]","[""Open 24 hours""]",28.4640427,-98.1816972
AAA Scottsdale Auto Repair Center,15509 Hayden Rd,Scottsdale,AZ,85260,1 602-248-3700,https://mwg.aaa.com/agent-office-locations/az/scottsdale/aaa-scottsdale-auto-repair-center,4.2,196,"[""7:30AM-5:30PM""]","[""7:30AM-5:30PM""]","[""7:30AM-5:30PM""]","[""7:30AM-5:30PM""]","[""7:30AM-5:30PM""]","[""8AM-4PM""]","[""Closed""]",33.626807,-111.895751
Sheffield Towing Services,900 Garrett St,Sheffield,TX,79781,1 432-836-4623,https://www.sheffieldtowing.com/%3Futm_source%3Domg-gbp%26utm_medium%3Dwebclick,4.6,185,"[""Open 24 hours""]","[""Open 24 hours""]","[""Open 24 hours""]","[""Open 24 hours""]","[""Open 24 hours""]","[""Open 24 hours""]","[""Open 24 hours""]",30.6894049,-101.823291
Texas Towing South,524 Co Rd 101,George West,TX,78022,1 210-378-9098,https://txtowingsouth.com/%3Futm_source%3Domg-gbp%26utm_medium%3Dwebclick,5,6,"[""Open 24 hours""]","[""Open 24 hours""]","[""Open 24 hours""]","[""Open 24 hours""]","[""Open 24 hours""]","[""Open 24 hours""]","[""Open 24 hours""]",28.3121888,-98.1144722
Rio Grande Wrecker Services,406 Commerce St,Presidio,TX,79845,1 432-229-3312,,4.8,20,,,,,,,,29.56182,-104.366969
West Central Towing & Recovery,100 E Uvalde St,Rocksprings,TX,78880,1 830-834-0850,https://www.westcentraltowing.com/,4.8,12,"[""Open 24 hours""]","[""Open 24 hours""]","[""Open 24 hours""]","[""Open 24 hours""]","[""Open 24 hours""]","[""Open 24 hours""]","[""Open 24 hours""]",30.0139786,-100.2075134
Absolute Towing & Recovery,909 E Jefferson Ave,Whitney,TX,76692,1 254-694-5951,,4.8,20,"[""Open 24 hours""]","[""Open 24 hours""]","[""Open 24 hours""]","[""Open 24 hours""]","[""Open 24 hours""]","[""Open 24 hours""]","[""Open 24 hours""]",31.9558399,-97.3093287
"Choo Choo Towing in San Antonio, Texas & Roadside Assistance & Auto Repair",4363 W Dean Pannill Dr,San Antonio,TX,78229,1 210-305-9139,https://sites.google.com/view/choochoocartowing-san-antonio/gallery,5,56,"[""Open 24 hours""]","[""Open 24 hours""]","[""Open 24 hours""]","[""Open 24 hours""]","[""Open 24 hours""]","[""Open 24 hours""]","[""Open 24 hours""]",29.5232026,-98.5696534
Texas Heavy Tow Recovery and Services LLC,607 E Coma Ave,Hidalgo,TX,78557,1 956-624-0359,https://texasheavytow.net/,4.7,111,"[""Open 24 hours""]","[""Open 24 hours""]","[""Open 24 hours""]","[""Open 24 hours""]","[""Open 24 hours""]","[""Open 24 hours""]","[""Open 24 hours""]",26.1074419,-98.2548421
Texas Wrecker Service,,,,,1 806-243-9696,,3.8,17,"[""Open 24 hours""]","[""Open 24 hours""]","[""Open 24 hours""]","[""Open 24 hours""]","[""Open 24 hours""]","[""Open 24 hours""]","[""Open 24 hours""]",33.6929022,-102.007911
Utah Towing LLC,1605 N Chicago St,Salt Lake City,UT,84116,1 801-706-1044,https://secure.utah.gov/ivs/ivs,2.2,,,,,,"[""8AM-5PM""]",,,40.8023816,-111.9186864
Salt Lake Towing,,,,,1 801-701-1233,https://saltlaketowtruck.com/,4.4,,,,,,"[""Open 24 hours""]",,,40.6680085,-111.906702
Stauffer's Towing & Recovery,2819 Andrew Ave,Salt Lake City,UT,84104,1 801-869-2727,https://staufferstowing.com/,4.8,,,,,,"[""Open 24 hours""]",,,40.7364601,-111.9602795
Cartow Towing,738 W S Temple St,Salt Lake City,UT,84104,1 801-531-0268,https://www.cartowtowing.com/,4.1,,,,,,"[""Open 24 hours""]",,,40.769593,-111.912473
Marvel Towing and Roadside Service,5445 Shea Dr,Salt Lake City,UT,84104,1 801-565-8585,http://www.marveltowing.com/,4.9,,,,,,"[""Open 24 hours""]",,,40.7533069,-112.0198227
Legacy Towing,4188 S 300 W,Murray,UT,84107,1 801-685-2569,http://www.legacytowingslc.com/,1.8,,,,,,"[""8AM-5PM""]",,,40.6804288,-111.9004345
4 WHEEL TOWING LLC,3790 s 150 e,South Salt Lake,UT,84115,1 385-321-0579,https://4wheeltowingllc.com/,4.6,,,,,,"[""Open 24 hours""]",,,40.6885086,-111.878492
Intermountain Tow Services,640 N Main St,North Salt Lake,UT,84054,1 801-936-7626,http://www.intermountaintow.com/,4.6,,,,,,"[""Open 24 hours""]",,,40.8535425,-111.911088
Salt Lake Heavy Towing & Recovery,1145 Richards St,Salt Lake City,UT,84101,1 801-808-0655,https://saltlakecitytowingservices.com/,4.3,,,,,,"[""Open 24 hours""]",,,40.7439933,-111.8923275
Empire Towing & Recovery,2923 3600 W,West Valley City,UT,84119,1 801-254-7171,http://www.empiretowingutah.com/,4,,,,,,"[""Open 24 hours""]",,,40.7073517,-111.9758721
QR Towing LLC,555 Fulton St,Salt Lake City,UT,84104,1 801-577-2051,https://qrtowingllc.com/%3Futm_source%3Domg-gbp%26utm_medium%3Dwebclick,4.4,,,,,,"[""Open 24 hours""]",,,40.7574373,-111.9625567
Advanced Towing Service,1340 W 7900 S,West Jordan,UT,84088,1 801-569-8697,http://advancedtowingutah.com/,3,,,,,,"[""Open 24 hours""]",,,40.6079669,-111.9304198
Munnster Towing - Cheap Towing SLC Salt Lake - RATES STARTING AT $79,2801 S Main St,Salt Lake City,UT,84115,1 385-512-4869,http://cheaptowingslc.com/,5,,,,,,"[""Open 24 hours""]",,,40.7102557,-111.8908272
Adams Towing,636 W 3410 S,South Salt Lake,UT,84119,1 801-266-6696,http://www.adamstowingutah.com/,4.9,,,,,,"[""8AM-5PM""]",,,40.6977003,-111.9092622
Advanced Towing,149 W 5325 S,Murray,UT,84107,1 801-792-3189,,3.1,,,,,,"[""8AM-5PM""]",,,40.6546267,-111.8958083
Bullocks Towing,5445 Shea Dr,Salt Lake City,UT,84104,1 801-531-9256,http://www.bullockstowing.com/,4.3,,,,,,"[""Open 24 hours""]",,,40.7533064,-112.0198061
Orem Auto Towing | First Aid Towing,385 Commerce Loop,Orem,UT,84058,1 385-230-0430,https://firstaidtowing.com/,5,,,,,,"[""7AM-7PM""]",,,40.2903903,-111.7271375
Hop To It Towing LLC,100 Cleveland Ave,Rutland,VT,5701,1 802-342-6874,https://hoptoittowingvt.com/,4.1,32,"[""8AM-5PM""]","[""8AM-5PM""]","[""8AM-5PM""]","[""8AM-5PM""]","[""8AM-5PM""]","[""Closed""]","[""Closed""]",43.6143247,-72.9889273
ALS Towing and Repair,142 Sak Rd,Vernon,VT,5354,1 802-258-9933,http://alsbrattleborotowing.com/,4.7,59,"[""Open 24 hours""]","[""Open 24 hours""]","[""Open 24 hours""]","[""Open 24 hours""]","[""Open 24 hours""]","[""Open 24 hours""]","[""Open 24 hours""]",42.7651821,-72.5286609
Action Towing Service,519 E Barre Rd,East Barre,VT,5649,1 802-476-6660,http://www.actiontowingvt.com/,3.6,49,"[""Open 24 hours""]","[""Open 24 hours""]","[""Open 24 hours""]","[""Open 24 hours""]","[""Open 24 hours""]","[""Open 24 hours""]","[""Open 24 hours""]",44.180748,-72.480446
Thompson Towing LLC,496 US-7,Milton,VT,5468,1 802-309-3204,http://thompsontow.com/,4.6,52,"[""Open 24 hours""]","[""Open 24 hours""]","[""Open 24 hours""]","[""Open 24 hours""]","[""Open 24 hours""]","[""Open 24 hours""]","[""Open 24 hours""]",44.6265903,-73.1419026
Blackfork Towing,920 W Main St,Richmond,VT,5477,1 802-434-5751,http://blackforktowing.com/,4.9,111,"[""Open 24 hours""]","[""Open 24 hours""]","[""Open 24 hours""]","[""Open 24 hours""]","[""Open 24 hours""]","[""Open 24 hours""]","[""Open 24 hours""]",44.4172643,-72.998205
Central Service Towing & Recovery,177 Avenue C,Williston,VT,5495,1 802-651-0588,,4.3,37,"[""Open 24 hours""]","[""Open 24 hours""]","[""Open 24 hours""]","[""Open 24 hours""]","[""Open 24 hours""]","[""Open 24 hours""]","[""Open 24 hours""]",44.463413,-73.1260071
Otter Creek Towing & Recovery,137 N Main St,Rutland,VT,5701,1 802-282-2341,,5,149,"[""Open 24 hours""]","[""Open 24 hours""]","[""Open 24 hours""]","[""Open 24 hours""]","[""Open 24 hours""]","[""Open 24 hours""]","[""Open 24 hours""]",43.6178987,-72.9744311
Bee There Towing,3465 E Main St,Richmond,VT,5477,1 802-434-4580,http://beetheretowingvt.com/,4.6,81,"[""Open 24 hours""]","[""Open 24 hours""]","[""Open 24 hours""]","[""Open 24 hours""]","[""Open 24 hours""]","[""Open 24 hours""]","[""8AM-8PM""]",44.3837776,-72.9371948
Deals Towing and Repair LLC,259 Craftsbury Rd,Hardwick,VT,5843,1 802-585-0017,,4.9,83,"[""Open 24 hours""]","[""Open 24 hours""]","[""Open 24 hours""]","[""Open 24 hours""]","[""Open 24 hours""]","[""Open 24 hours""]","[""Open 24 hours""]",44.52097,-72.3760555
Duprey's Towing,6800 VT-14,South Royalton,VT,5068,1 802-369-9460,https://dupreystowing.com/,4.9,104,"[""Open 24 hours""]","[""Open 24 hours""]","[""Open 24 hours""]","[""Open 24 hours""]","[""Open 24 hours""]","[""Open 24 hours""]","[""Open 24 hours""]",43.788311,-72.4857711
Polar Bear Towing,79 Green Mountain Dr,Morristown,VT,5661,1 802-888-7511,,4.3,29,,,,,,,,44.4987338,-72.6146027
JNR Towing,153 Craftsbury Rd,Hardwick,VT,5843,1 802-371-8172,,5,9,,,,,,,,44.5192049,-72.3777582
Ray's Towing & Recovery,82 Airport Rd,Newport,VT,5855,1 802-334-7832,https://www.raystowingvt.biz/,4.6,101,"[""Open 24 hours""]","[""Open 24 hours""]","[""Open 24 hours""]","[""Open 24 hours""]","[""Open 24 hours""]","[""Open 24 hours""]","[""Open 24 hours""]",44.9224801,-72.228684
Big Joe's Hook & Tow,129 Old Rte 4a,Center Rutland,VT,5736,1 802-773-4563,http://www.bigjoestowing.com/,4.8,14,"[""8AM-5PM""]","[""8AM-5PM""]","[""8AM-5PM""]","[""8AM-5PM""]","[""8AM-5PM""]","[""Closed""]","[""Closed""]",43.5998693,-73.0213644
LaRoche Towing & Recovery,619 S Barre Rd,Barre,VT,5641,1 802-479-0269,http://www.larochetowingvt.com/,4.1,50,"[""Open 24 hours""]","[""Open 24 hours""]","[""Open 24 hours""]","[""Open 24 hours""]","[""Open 24 hours""]","[""Open 24 hours""]","[""Open 24 hours""]",44.1695009,-72.509746
B&B Towing And Recovery,160 Commercial Ln,Lyndonville,VT,5851,1 802-748-9444,http://www.bbtowingvt.com/,4.4,74,"[""Open 24 hours""]","[""Open 24 hours""]","[""Open 24 hours""]","[""Open 24 hours""]","[""Open 24 hours""]","[""Open 24 hours""]","[""Open 24 hours""]",44.5470014,-72.0128965
All-State Towing & Auto,,,,,1 603-843-5635,,4.9,174,"[""Open 24 hours""]","[""Open 24 hours""]","[""Open 24 hours""]","[""Open 24 hours""]","[""Open 24 hours""]","[""Open 24 hours""]","[""Open 24 hours""]",43.722371,-71.954137
B&B Towing and Recovery / Truck Repair and Tire Center,1066 Hinman Settler Rd,Brownington,VT,5860,1 802-754-9448,http://www.bbtowingvt.com/,3.2,20,"[""Open 24 hours""]","[""Open 24 hours""]","[""Open 24 hours""]","[""Open 24 hours""]","[""Open 24 hours""]","[""Open 24 hours""]","[""Open 24 hours""]",44.8308089,-72.1712488
MiddState Towing Co,130 Ethan Allen Hwy,New Haven,VT,5472,1 802-388-1110,https://middstatetowing.com/,4.9,77,"[""Open 24 hours""]","[""Open 24 hours""]","[""Open 24 hours""]","[""Open 24 hours""]","[""Open 24 hours""]","[""Open 24 hours""]","[""Open 24 hours""]",44.0502465,-73.1642693
Blakeman's Towing & Recovery,143 VT-110,Tunbridge,VT,5077,1 802-291-1991,,4.4,47,"[""Open 24 hours""]","[""Open 24 hours""]","[""Open 24 hours""]","[""Open 24 hours""]","[""Open 24 hours""]","[""Open 24 hours""]","[""Open 24 hours""]",43.8714457,-72.4992726
Virginia Towing & Roadside,9038 Hornbaker Rd,Manassas,VA,20109,1 703-408-8314,https://virginiatowingandroadsideva.com/%3Futm_source%3Domg-gbp%26utm_medium%3Dwebclick,4.3,,,,,,"[""Open 24 hours""]",,,38.759867,-77.533973
Virginia Towing & Roadside,309 E Mercury Blvd Lot F,Hampton,VA,23663,1 757-967-7989,https://virginiatowingroadside.squarespace.com/,5,,,,,,"[""Open 24 hours""]",,,37.0320608,-76.3247832
Advance Towing LLC,6820 Commercial Dr,Springfield,VA,22151,1 703-499-2935,https://advancetowingva.com/,4.9,,,,,,"[""Open 24 hours""]",,,38.8017855,-77.1799908
Blue Ridge Wrecker Service LLC,110 Boone Dr,Troutville,VA,24175,1 540-759-2393,https://www.blueridgewreckerservice.com/,5,,,,,,"[""Open 24 hours""]",,,37.411926,-79.877495
C & T Towing Company,,,,,1 757-981-4595,https://www.cttowingcompany.com/,5,,,,,,"[""Open 24 hours""]",,,36.740497,-76.3642165
Dragon Recovery,11626 Wards Rd,Rustburg,VA,24588,1 434-200-9891,http://www.dragonrecovery.com/,4.8,,,,,,"[""Open 24 hours""]",,,37.2884443,-79.1683537
A1 Towing & Truck Repair,601B Albemarle St,Charlottesville,VA,22903,1 434-202-7635,https://www.a1towingandtruckrepair.com/,4.7,,,,,,"[""Open 24 hours""]",,,38.0360758,-78.4864891
Angelo's Towing Virginia Beach,1017 Aragona Blvd,Virginia Beach,VA,23455,1 757-654-8888,https://angelostowing.com/virginiabeach,4.2,,,,,,"[""Open 24 hours""]",,,36.8694224,-76.1477288
Mitchell's Towing and Recovery,1700 12th St,Lynchburg,VA,24501,1 434-238-0741,http://www.mitchellstowingandrecovery.com/,4.8,,,,,,"[""Open 24 hours""]",,,37.4045255,-79.1538321
B&M Towing,1524 Viola Way,Charlottesville,VA,22902,1 540-717-4254,https://bandmtowing.com/%3Futm_source%3Domg-gbp%26utm_medium%3Dwebclick,4.8,,,,,,"[""Open 24 hours""]",,,37.9915739,-78.5032677
Discount Beach Towing and Recovery LLC,2013 Thomas Bishop Ln,Virginia Beach,VA,23454,1 757-353-1183,,4.9,,,,,,"[""Open 24 hours""]",,,36.9014997,-76.0637312
Tumbleweed Towing,599 Battlefield Rd,New Hope,VA,24469,1 540-849-8594,http://tumbleweedtowing.simdif.com/,4.9,,,,,,"[""Open 24 hours""]",,,38.1984302,-78.90524
Sports Towing and Heavy Duty Recovery Richmond VA,3121 Williamsburg Rd,Richmond,VA,23231,1 804-325-9971,https://sportstowingandrecovery.com/%3Futm_source%3DOrganic_GMB%26utm_medium%3DGoogle_Sports_Towing_and_Heavy_Duty_Recovery,4.4,,,,,,"[""Open 24 hours""]",,,37.5183512,-77.371638
THOMAS TOWING AND HEAVY-DUTY RECOVERY,2101 Decatur St,Richmond,VA,23224,1 804-928-7080,http://www.thomastowingrva.com/,5,,,,,,"[""8AM-10PM""]",,,37.5155719,-77.4505214
French's Towing and Recovery,5013 Rollingway Rd,Chesterfield,VA,23832,1 804-349-6513,,5,,,,,,"[""Open 24 hours""]",,,37.4257178,-77.5890972
Grab N Go Towing and Recovery,1740 E Belt Blvd,Richmond,VA,23224,1 804-437-0583,https://grabngotowing.com/%3Futm_source%3Domg-gbp%26utm_medium%3Dwebclick,4.2,,,,,,"[""Open 24 hours""]",,,37.4914174,-77.4701748
Blair's Towing & Recovery Inc,112 W Jefferson St # B,Falls Church,VA,22046,1 703-241-1500,http://www.blairstowing.com/,4.6,,,,,,,,,38.8867408,-77.1652933
Tucker’s Towing Service LLC,408 E Randolph Rd,Hopewell,VA,23860,1 804-920-4383,,5,,,,,,"[""Open 24 hours""]",,,37.3022171,-77.2835714
Beach Towing,2424 Castleton Commerce Way,Virginia Beach,VA,23454,1 757-719-9900,https://beachtowing757.com/,4.6,,,,,,"[""Open 24 hours""]",,,36.7782484,-76.0381759
Ft Washington Towing Inc,7303 Livingston Road,Oxon Hill,MD,20745,1 301-567-2033,https://www.ftwashingtontowing.com/,4.3,51,"[""Open 24 hours""]","[""Open 24 hours""]","[""Open 24 hours""]","[""Open 24 hours""]","[""Open 24 hours""]","[""Open 24 hours""]","[""Open 24 hours""]",38.9093424,-77.0335991
"Scott's Towing & Recovery Service - Washington, D.C.",2101 Suitland Terrace SE UNIT A,Washington,DC,20020,1 202-497-6311,https://www.scottstowingwashingtondc.com/,5,76,"[""Open 24 hours""]","[""Open 24 hours""]","[""Open 24 hours""]","[""Open 24 hours""]","[""Open 24 hours""]","[""Open 24 hours""]","[""Open 24 hours""]",38.8630066,-76.9479973
"ACE Towing - Towing, Auto & Body repair under one roof",5750 General Washington Dr # E,Alexandria,VA,22312,1 703-395-6011,https://acetowva.com/,4.5,339,"[""Open 24 hours""]","[""Open 24 hours""]","[""Open 24 hours""]","[""Open 24 hours""]","[""Open 24 hours""]","[""Open 24 hours""]","[""Open 24 hours""]",38.7955807,-77.1693212
Recovery 1 Towing LLC,3319 8th St NE,Washington,DC,20017,1 202-868-8000,https://recovery1towingwashingtondc.com/,4.8,86,"[""Open 24 hours""]","[""Open 24 hours""]","[""Open 24 hours""]","[""Open 24 hours""]","[""Open 24 hours""]","[""Open 24 hours""]","[""Open 24 hours""]",38.9312289,-76.9945897
Metro Motor Towing,1329 Kenilworth Avenue Northeast,Washington,DC,20019,1 202-559-9339,https://www.metromotor.com/towing,4.4,183,"[""Open 24 hours""]","[""Open 24 hours""]","[""Open 24 hours""]","[""Open 24 hours""]","[""Open 24 hours""]","[""Open 24 hours""]","[""Open 24 hours""]",38.9165349,-77.0959729
"All Star Towing, Inc.",2405 22nd St NE,Washington,DC,20018,1 202-832-2717,,3.5,56,"[""Open 24 hours""]","[""Open 24 hours""]","[""Open 24 hours""]","[""Open 24 hours""]","[""Open 24 hours""]","[""Open 24 hours""]","[""Open 24 hours""]",38.9217387,-76.9734404
Ape Towing & Roadside Assistance,1075 Kenilworth Avenue Northeast,Washington,DC,20019,1 202-599-3777,https://apetowing.com/about-us/,4.9,264,"[""Open 24 hours""]","[""Open 24 hours""]","[""Open 24 hours""]","[""Open 24 hours""]","[""Open 24 hours""]","[""Open 24 hours""]","[""Open 24 hours""]",38.9039836,-76.9412813
Always Towing & Recovery,1859 Edwin St NE,Washington,DC,20018,1 202-342-1444,https://alwaystowingdc.net/,4,703,"[""9AM-5PM""]","[""9AM-5PM""]","[""9AM-5PM""]","[""9AM-5PM""]","[""9AM-5PM""]","[""Closed""]","[""Closed""]",38.9159782,-76.9734855
Send Towing,600 New York Ave NW,Washington,DC,20001,1 202-789-2222,https://sendtowing.com/,4.4,38,"[""7AM-10PM""]","[""7AM-10PM""]","[""7AM-10PM""]","[""7AM-10PM""]","[""7AM-10PM""]","[""7AM-10PM""]","[""7AM-10PM""]",38.903292,-77.0201925
DISTRICT TOWING,2214 Channing St NE,Washington,DC,20018,1 202-488-3400,https://www.districttowing.com/,4,95,"[""Open 24 hours""]","[""Open 24 hours""]","[""Open 24 hours""]","[""Open 24 hours""]","[""Open 24 hours""]","[""Open 24 hours""]","[""Open 24 hours""]",38.9224819,-76.9732076
Westside Atlanta Towing,754 Paines Ave NW STE 101,Atlanta,GA,30318,1 770-276-0159,https://towingservicesatlantaga.com/,5,274,"[""Open 24 hours""]","[""Open 24 hours""]","[""Open 24 hours""]","[""Open 24 hours""]","[""Open 24 hours""]","[""Open 24 hours""]","[""Open 24 hours""]",33.775471,-84.4140429
Atlanta Towing Near Me,2900 Pharr Ct S Northwest,Atlanta,GA,30305,1 470-573-0664,https://www.atlantatowingnearme.com/,5,52,"[""Open 24 hours""]","[""Open 24 hours""]","[""Open 24 hours""]","[""Open 24 hours""]","[""Open 24 hours""]","[""Open 24 hours""]","[""Open 24 hours""]",33.8351623,-84.3871373
K and K Towing and Roadside DMV,1219 Carrollsburg Pl SW,Washington,DC,20024,1 202-600-8874,https://kandkroadsidedmv.com/,4.8,74,"[""Open 24 hours""]","[""Open 24 hours""]","[""Open 24 hours""]","[""Open 24 hours""]","[""Open 24 hours""]","[""Open 24 hours""]","[""Open 24 hours""]",38.8758497,-77.0101027
Ben`s Downtown Atlanta Towing,290 Simpson St NW,Atlanta,GA,30313,1 470-782-8833,http://towing-atlanta.pro/,3.9,26,"[""Open 24 hours""]","[""Open 24 hours""]","[""Open 24 hours""]","[""Open 24 hours""]","[""Open 24 hours""]","[""Open 24 hours""]","[""Open 24 hours""]",33.763268,-84.3967051
Washington Roadside,,,,,1 404-734-6588,,5,1,"[""Open 24 hours""]","[""Open 24 hours""]","[""Open 24 hours""]","[""Open 24 hours""]","[""Open 24 hours""]","[""Open 24 hours""]","[""Open 24 hours""]",32.67853,-83.1940624
Amanah Roadside Assistance & Towing,2628 Godfrey Dr NW,Atlanta,GA,30318,1 678-618-3103,https://amanahtowing.com/,5,370,"[""Open 24 hours""]","[""Open 24 hours""]","[""Open 24 hours""]","[""Open 24 hours""]","[""Open 24 hours""]","[""Open 24 hours""]","[""Open 24 hours""]",33.7593096,-84.4738146
Towing and transporting services LLC,Camp Creek Pkwy,East Point,GA,30344,1 470-269-2207,,3.6,64,"[""Open 24 hours""]","[""Open 24 hours""]","[""Open 24 hours""]","[""Open 24 hours""]","[""Open 24 hours""]","[""Open 24 hours""]","[""Open 24 hours""]",33.6518626,-84.4817306
Premier Towing Recovery & Roadside LLC,721 Mt Vernon Ave,Portsmouth,VA,23707,1 757-910-2540,http://premiertowingroadside.com/,3.8,,,,,,"[""Open 24 hours""]",,,36.8420034,-76.3358467
Greenbrier Towing and Recovery,1209 McCloud Rd,Chesapeake,VA,23320,1 757-805-1272,,4.6,,,,,,"[""Open 24 hours""]",,,36.7707359,-76.2854549
Blessed Is He Autos And Towing,,,,,1 757-263-9481,http://blessedisheautosandtowing.com/,4.9,,,,,,"[""7AM-10PM""]",,,36.849963,-76.3642165
Affordable Towing and Recovery of Norfolk,2424 Cromwell Rd,Norfolk,VA,23509,1 757-543-2372,https://afftow.com/,1.9,,,,,,"[""Open 24 hours""]",,,36.8653542,-76.2489558
First Class Towing and Recovery,2519 Turnpike Rd,Portsmouth,VA,23701,1 757-685-7370,https://www.firstclasstowingrecovery.com/%3Futm_source%3Domg-gbp%26utm_medium%3Dwebclick,4.7,,,,,,"[""Open 24 hours""]",,,36.8293948,-76.3313803
StandFast Towing Ltd.,3311 Colley Ave,Norfolk,VA,23508,,http://standfasttowingltd.com/,3.8,,,,,,"[""7AM-11PM""]",,,36.8769192,-76.295036
Powerful Winch Towing Services,606 W 24th St,Norfolk,VA,23517,1 757-271-4007,https://powerfulwinchtowingservices.com/,,,,,,,"[""Open 24 hours""]",,,36.872397,-76.2926897
Bay Recovery,928 Business Park Dr,Chesapeake,VA,23320,1 757-302-8640,https://www.bayrecoveryllc.com/,4,,,,,,"[""Open 24 hours""]",,,36.7987651,-76.2234579
Hickory Towing,3511 Bus Center Dr,Chesapeake,VA,23323,1 757-697-5006,http://hickorytowing.com/,4.1,,,,,,"[""Open 24 hours""]",,,36.7861398,-76.3603029
Fairly Roadside Services,300 Atlantic St,Norfolk,VA,23510,1 757-271-6705,https://fairlyroadsideservices.com/,,,,,,,"[""11AM-11PM""]",,,36.8464053,-76.2896612
Pathfinder Auto Recovery,3311 Hartford St,Portsmouth,VA,23707,1 757-394-3401,https://www.pathfinderrecovery.com/,3,,,,,,"[""10:30AM-2PM""]",,,36.8422894,-76.3428458
Winning Recovery Towing Services,1007 W 27th St,Norfolk,VA,23517,1 757-703-9330,https://winningrecoverytowingservices.com/,5,,,,,,"[""8:30AM-8PM""]",,,36.875902,-76.298471
Frye's Tire & Towing,3409 Deep Creek Blvd,Portsmouth,VA,23702,1 757-397-2010,,3.9,,,,,,"[""9AM-5PM""]",,,36.8145859,-76.3290167
Hudson's Servicenter Inc,2121 S Military Hwy,Chesapeake,VA,23320,1 757-545-9718,https://www.hudsontow.com/,4,,,,,,"[""Open 24 hours""]",,,36.7814009,-76.2630141
Secure Towing,,,,,1 757-559-8803,,4.8,,,,,,"[""Open 24 hours""]",,,36.885411,-76.3642165
Big’s Towing & Cash For Junk Cars,3500 George Washington Hwy,Portsmouth,VA,23704,1 757-228-2040,https://bigscashforcars.com/,4.4,,,,,,"[""Open 24 hours""]",,,36.8113037,-76.3162831
POWERHOUSE Towing LLC,,,,,1 757-617-8946,https://powerhousetowing.com/,4.6,,,,,,"[""Open 24 hours""]",,,36.885411,-76.3642165
Blair's Towing of Chesapeake,4043 Buell St,Chesapeake,VA,23324,1 757-350-8106,http://blairstowing.com/,4.4,,,,,,"[""Open 24 hours""]",,,36.7823807,-76.2975794
Maxwell Towing and Recovery,3525 Elmhurst Ln,Portsmouth,VA,23701,1 757-719-0539,,4.8,,,,,,"[""Open 24 hours""]",,,36.8015639,-76.3774981
TTNT Towing llc,1002 Ruritan Blvd,Chesapeake,VA,23324,1 757-289-7600,,3.4,,,,,,"[""Open 24 hours""]",,,36.8196794,-76.2579841
Precision Towing & Recovery,5524 County Hwy C V,Madison,WI,53704,1 608-230-5054,https://precisiontow.com/%3Futm_source%3Dgmb%26utm_medium%3Dorganic%26utm_campaign%3DGBP_Visit,4.6,213,"[""Open 24 hours""]","[""Open 24 hours""]","[""Open 24 hours""]","[""Open 24 hours""]","[""Open 24 hours""]","[""Open 24 hours""]","[""Open 24 hours""]",43.1482677,-89.350844
"Hwy. 54 Towing & Repair, L.L.C.","N 5999, N5999 WI-54",Black River Falls,WI,54615,1 715-284-2511,https://highway54towingandrepair.com/,3.3,49,"[""Open 24 hours""]","[""Open 24 hours""]","[""Open 24 hours""]","[""Open 24 hours""]","[""Open 24 hours""]","[""Open 24 hours""]","[""Open 24 hours""]",44.2873058,-90.8680526
Bill's Towing & Auto Repair,W9179 Old Hwy 60,Lodi,WI,53555,1 608-592-7364,https://www.billstowing.biz/,4.5,450,"[""Open 24 hours""]","[""Open 24 hours""]","[""Open 24 hours""]","[""Open 24 hours""]","[""Open 24 hours""]","[""Open 24 hours""]","[""Open 24 hours""]",43.3371174,-89.4562323
Bob's Main Street Auto & Towing,1200 N Main St,West Bend,WI,53090,1 262-310-7114,http://www.bobsmainstreetauto.com/,4.7,984,"[""7:30AM-5:30PM""]","[""7:30AM-5:30PM""]","[""7:30AM-5:30PM""]","[""7:30AM-5:30PM""]","[""7:30AM-5:30PM""]","[""Closed""]","[""Closed""]",43.4361628,-88.1847063
Liberty Towing Service LLC,2601 Progress Rd,Madison,WI,53716,1 608-221-3600,http://www.libertytowing.us/,4.8,537,"[""Open 24 hours""]","[""Open 24 hours""]","[""Open 24 hours""]","[""Open 24 hours""]","[""Open 24 hours""]","[""Open 24 hours""]","[""Open 24 hours""]",43.0590444,-89.3022471
Nieman's Towing & Recovery Inc.,2141 W Grand Ave,Wisconsin Rapids,WI,54495,1 715-423-4250,https://niemanstowing.com/%3Futm_source%3Domg-gbp%26utm_medium%3Dwebclick,4.5,149,"[""Open 24 hours""]","[""Open 24 hours""]","[""Open 24 hours""]","[""Open 24 hours""]","[""Open 24 hours""]","[""Open 24 hours""]","[""Open 24 hours""]",44.3964375,-89.850566
24/7 Towing & Auto Repair,W6173 County A N,Elkhart Lake,WI,53020,1 920-946-9394,https://www.24seventowing.com/,4.8,45,"[""Open 24 hours""]","[""Open 24 hours""]","[""Open 24 hours""]","[""Open 24 hours""]","[""Open 24 hours""]","[""Open 24 hours""]","[""Open 24 hours""]",43.8327882,-88.0053105
Jay’s Towing MKE LLC,2008 N Holton St,Milwaukee,WI,53212,1 414-628-0071,http://towingnearmemke.com/,4.8,470,"[""Open 24 hours""]","[""Open 24 hours""]","[""Open 24 hours""]","[""Open 24 hours""]","[""Open 24 hours""]","[""Open 24 hours""]","[""Open 24 hours""]",43.0568076,-87.9052054
Affordable Towing LLC,"N 6999, WI-73",Princeton,WI,54968,1 920-807-1102,,3.5,13,,,,,,,,43.8828206,-89.1684674
P.E.R. Towing and Recovery,211 W Andres St,Tomah,WI,54660,1 608-269-6944,http://www.towingtomahwisconsin.com/,4.9,61,"[""Open 24 hours""]","[""Open 24 hours""]","[""Open 24 hours""]","[""Open 24 hours""]","[""Open 24 hours""]","[""Open 24 hours""]","[""Open 24 hours""]",44.023375,-90.5061643
MKE TOWING & RECOVERY 24/7,1434 S Muskego Ave,Milwaukee,WI,53204,1 414-310-0311,https://www.mketowingrecovery.com/,4.3,372,"[""Open 24 hours""]","[""Open 24 hours""]","[""Open 24 hours""]","[""Open 24 hours""]","[""Open 24 hours""]","[""Open 24 hours""]","[""Open 24 hours""]",43.0163127,-87.9335611
Jerry and La Raine 24 HR Road Repair LLC,26135 Co Hwy ET,Tomah,WI,54660,1 608-387-0150,https://jerryandlaraine24hourroadrepair.com/,3.3,40,"[""Open 24 hours""]","[""Open 24 hours""]","[""Open 24 hours""]","[""Open 24 hours""]","[""Open 24 hours""]","[""Open 24 hours""]","[""Open 24 hours""]",44.00195,-90.4731
Reckers Towing,718 W Glendale Ave,Appleton,WI,54914,1 920-733-3000,https://www.reckerstowing4u.com/,4.8,217,"[""6AM-9PM""]","[""6AM-9PM""]","[""6AM-9PM""]","[""6AM-9PM""]","[""6AM-10PM""]","[""6AM-10PM""]","[""6AM-9PM""]",44.2806865,-88.4167723
MC TOWING & RECOVERY,1306 W National Ave,Milwaukee,WI,53204,1 414-299-6465,https://mctowingrecovery.com/,4.9,1107,"[""Open 24 hours""]","[""Open 24 hours""]","[""Open 24 hours""]","[""Open 24 hours""]","[""Open 24 hours""]","[""Open 24 hours""]","[""Open 24 hours""]",43.0235481,-87.928099
Bulldog Towing & Recovery LLC,1383 W Wisconsin Ave,Oconomowoc,WI,53066,1 262-560-1480,,4.1,75,"[""Open 24 hours""]","[""Open 24 hours""]","[""Open 24 hours""]","[""Open 24 hours""]","[""Open 24 hours""]","[""Open 24 hours""]","[""Open 24 hours""]",43.1212218,-88.5241139
Brown's Services TPL,300 Main St,Arlington,WI,53911,1 608-287-6509,http://www.brownsservicestpl.com/,4.9,146,"[""Open 24 hours""]","[""Open 24 hours""]","[""Open 24 hours""]","[""Open 24 hours""]","[""Open 24 hours""]","[""Open 24 hours""]","[""Open 24 hours""]",43.3373685,-89.3786243
Arnold's Service & Towing,715 W Wisconsin St,Sparta,WI,54656,1 608-269-4241,http://arnoldsservicesandtowing.com/,4.4,61,"[""8AM-5PM""]","[""8AM-5PM""]","[""8AM-5PM""]","[""8AM-5PM""]","[""8AM-5PM""]","[""Closed""]","[""Closed""]",43.938874,-90.8202571
Bob's Main Street Auto & Towing - Towing Headquarters,2085 County Hwy NN,West Bend,WI,53095,1 262-338-3670,https://www.bobsmainstreetauto.com/,5,802,"[""Open 24 hours""]","[""Open 24 hours""]","[""Open 24 hours""]","[""Open 24 hours""]","[""Open 24 hours""]","[""Open 24 hours""]","[""Open 24 hours""]",43.3682046,-88.1408449
Bonafide Recovery & Transport,212941 Dead End Rd,Stratford,WI,54484,1 715-316-7701,http://www.bonafiderecovery.com/,4,52,"[""Open 24 hours""]","[""Open 24 hours""]","[""Open 24 hours""]","[""Open 24 hours""]","[""Open 24 hours""]","[""Open 24 hours""]","[""Open 24 hours""]",44.8013619,-90.0395445
Meyers Towing Service,,,,,1 608-564-7019,,4.6,35,"[""9AM-12AM""]","[""Open 24 hours""]","[""Open 24 hours""]","[""Open 24 hours""]","[""9:01AM-5PM""]","[""9AM-5PM""]","[""9AM-5PM""]",44.900771,-89.5694906
"Big Al's Towing & Recovery, LLC",6520 Hinesley Rd,Cheyenne,WY,82001,1 307-632-6999,https://bigalstowing.net/,4.9,2163,"[""Open 24 hours""]","[""Open 24 hours""]","[""Open 24 hours""]","[""Open 24 hours""]","[""Open 24 hours""]","[""Open 24 hours""]","[""Open 24 hours""]",41.157677,-104.7310631
Winkler Brothers Towing & Recovery LLC,7508 Tate Rd,Cheyenne,WY,82001,1 307-920-0968,https://winklerbrostowing.com/%3Futm_source%3Domg-gbp%26utm_medium%3Dwebclick,4.9,607,"[""Open 24 hours""]","[""Open 24 hours""]","[""Open 24 hours""]","[""Open 24 hours""]","[""Open 24 hours""]","[""Open 24 hours""]","[""Open 24 hours""]",41.1457237,-104.7187953
M&F Towing & Recovery,504 E Fox Farm Rd,Cheyenne,WY,82007,1 307-421-3433,https://cheyennetowingservice.com/%3Futm_source%3Domg-gbp%26utm_medium%3Dwebclick,4.9,167,"[""Open 24 hours""]","[""Open 24 hours""]","[""Open 24 hours""]","[""Open 24 hours""]","[""Open 24 hours""]","[""Open 24 hours""]","[""Open 24 hours""]",41.1171173,-104.797019
Affordable Towing and Recovery,624 E 1st St,Cheyenne,WY,82007,1 307-256-2254,https://www.towwyo.com/,4.7,110,"[""Open 24 hours""]","[""Open 24 hours""]","[""Open 24 hours""]","[""Open 24 hours""]","[""Open 24 hours""]","[""Open 24 hours""]","[""Open 24 hours""]",41.1225247,-104.7991706
Express Towing & Recovery,3112 S Greeley Hwy,Cheyenne,WY,82007,1 307-634-7999,https://expresstowingcheyenne.com/,4.7,46,"[""Open 24 hours""]","[""Open 24 hours""]","[""Open 24 hours""]","[""Open 24 hours""]","[""Open 24 hours""]","[""Open 24 hours""]","[""Open 24 hours""]",41.0891195,-104.8007823
"Maps Towing and Diesel Repair, Inc.",1222 E Cedar St,Rawlins,WY,82301,1 307-370-3794,https://www.mapstow.com/%3Futm_source%3Domg-gbp%26utm_medium%3Dwebclick,3.3,147,"[""Open 24 hours""]","[""Open 24 hours""]","[""Open 24 hours""]","[""Open 24 hours""]","[""Open 24 hours""]","[""Open 24 hours""]","[""Open 24 hours""]",41.7898582,-107.2230052
I-80 Towing & Service,3830 Cherrywood Loop,Laramie,WY,82070,1 307-742-6329,http://www.i80towing.com/,3.9,233,"[""Open 24 hours""]","[""Open 24 hours""]","[""Open 24 hours""]","[""Open 24 hours""]","[""Open 24 hours""]","[""Open 24 hours""]","[""Open 24 hours""]",41.2810032,-105.5860871
M Towing and Fleet Services,21685 WY-76,Rawlins,WY,82301,1 307-324-0089,https://www.mtowingandfleetservices.com/,5,278,"[""Open 24 hours""]","[""Open 24 hours""]","[""Open 24 hours""]","[""Open 24 hours""]","[""Open 24 hours""]","[""Open 24 hours""]","[""Open 24 hours""]",41.7835979,-107.1743011
Merl's Towing Service,5510 Clay Ave SW,Wyoming,MI,49548,1 616-538-1320,https://towwestmichigan.com/,4.9,8220,"[""Open 24 hours""]","[""Open 24 hours""]","[""Open 24 hours""]","[""Open 24 hours""]","[""Open 24 hours""]","[""Open 24 hours""]","[""Open 24 hours""]",42.8644364,-85.6751994
All Around Towing & Recovery LLC,7736 W Yellowstone Hwy,Casper,WY,82604,1 307-315-1750,http://allaroundtowing.co/,4.7,153,"[""Open 24 hours""]","[""Open 24 hours""]","[""Open 24 hours""]","[""Open 24 hours""]","[""Open 24 hours""]","[""Open 24 hours""]","[""Open 24 hours""]",42.8840043,-106.4445211
Southern Wyoming Towing and Recovery,1306 Bonanza St,Rawlins,WY,82301,1 307-679-7036,https://www.southernwyomingtowing.com/,4.6,18,"[""Open 24 hours""]","[""Open 24 hours""]","[""Open 24 hours""]","[""Open 24 hours""]","[""Open 24 hours""]","[""Open 24 hours""]","[""Open 24 hours""]",41.7993852,-107.2148088
T&A Towing & Recovery,715 S 2nd St E,Riverton,WY,82501,1 307-840-5695,https://tatowing307.com/,3.9,34,"[""Open 24 hours""]","[""Open 24 hours""]","[""Open 24 hours""]","[""Open 24 hours""]","[""Open 24 hours""]","[""Open 24 hours""]","[""Open 24 hours""]",43.0168724,-108.3886642
Great Divide Towing and Recovery,156 Escarpment Rd,Lander,WY,82520,1 307-349-7476,https://greatdividetowing.com/,4.9,109,"[""Open 24 hours""]","[""Open 24 hours""]","[""Open 24 hours""]","[""Open 24 hours""]","[""Open 24 hours""]","[""Open 24 hours""]","[""Open 24 hours""]",42.8652073,-108.6649835
Laramie Towing And Recycling,2727 Fort Sanders Rd,Laramie,WY,82070,1 307-399-6783,https://www.laramietowingservice.com/,4.5,65,"[""Open 24 hours""]","[""Open 24 hours""]","[""Open 24 hours""]","[""Open 24 hours""]","[""Open 24 hours""]","[""Open 24 hours""]","[""Open 24 hours""]",41.2895615,-105.5969627
Draggin Towing and Recover LLC 24 Hour,304 Industrial Park Dr,Gillette,WY,82718,1 307-622-2223,https://www.draggintow.com/,4.8,115,"[""Open 24 hours""]","[""Open 24 hours""]","[""Open 24 hours""]","[""Open 24 hours""]","[""Open 24 hours""]","[""Open 24 hours""]","[""Open 24 hours""]",44.2915419,-105.4552645
Crossroads Towing and Recovery LLC,905 Walnut St,Medicine Bow,WY,82329,1 307-680-9037,https://crossroadstowingrecovery.com/%3Futm_source%3Domg-gbp%26utm_medium%3Dwebclick,4.8,49,"[""Open 24 hours""]","[""Open 24 hours""]","[""Open 24 hours""]","[""Open 24 hours""]","[""Open 24 hours""]","[""Open 24 hours""]","[""Open 24 hours""]",41.8973122,-106.197148
Ron's Towing,1190 US-89,Jackson,WY,83001,1 307-733-8697,http://ronstowingjh.com/,4.1,117,"[""Open 24 hours""]","[""Open 24 hours""]","[""Open 24 hours""]","[""Open 24 hours""]","[""Open 24 hours""]","[""Open 24 hours""]","[""Open 24 hours""]",43.4629625,-110.7927366
E&F Towing,1688 Bryan Stock Trl,Casper,WY,82601,1 307-265-6115,http://eftowing.com/,4.6,90,"[""Open 24 hours""]","[""Open 24 hours""]","[""Open 24 hours""]","[""Open 24 hours""]","[""Open 24 hours""]","[""Open 24 hours""]","[""Open 24 hours""]",42.8682776,-106.2977765